timestamp,symbol,tf,trade_type,entry,exit,PnL,R,confidence,regime
2024-09-24 01:00:00,DOTUSDT,30m,standalone,4.417,4.427,-0.05577508196720843,-0.05577508196720843,2.5,TREND
2024-09-24 05:00:00,DOTUSDT,30m,standalone,4.456,4.613,2.4866030590575914,2.487990737931009,3.5,TREND
2024-09-25 05:00:00,FILUSDT,15m,standalone,3.924,3.899,-0.15759718256755717,-0.15768513157894543,2.5,TREND
2024-09-25 15:00:00,DOTUSDT,30m,aligned,4.743,4.613,-0.9321745864799329,-0.9114551082802549,3.5,TREND
2024-09-26 13:00:00,FILUSDT,15m,aligned,4.094,4.071,-0.16381572012379342,-0.16164793051643,2.5,TREND
2024-09-26 18:00:00,DOTUSDT,30m,aligned,4.801,4.782,-0.6570185432886215,-0.6483241519999844,3.5,TREND
2024-09-27 02:00:00,DOTUSDT,30m,aligned,4.887,4.871,-0.22085563336839997,-0.21971263999999305,2.5,TREND
2024-09-28 10:00:00,XRPUSDT,15m,aligned,0.608,0.6222,0.5465100343710736,0.5448788506550204,2.5,TREND
2024-09-29 16:00:00,XRPUSDT,15m,aligned,0.6595,0.6396,-0.56016526116525,-0.5554666997442443,4.0,TREND
2024-09-30 20:00:00,DOTUSDT,30m,aligned,4.516,4.543,-0.30148476073985797,-0.3006258393939349,2.5,TREND
2024-10-01 13:00:00,DOTUSDT,30m,aligned,4.497,4.236,4.011849413059201,4.0124823290322515,2.5,TREND
2024-10-01 19:00:00,FILUSDT,15m,aligned,3.574,3.627,-0.17185686904858763,-0.17188398147138828,2.5,TREND
2024-10-02 15:00:00,XRPUSDT,15m,aligned,0.58,0.5762,0.08340032279419193,0.08019564411764642,2.5,TREND
2024-10-02 20:00:00,XRPUSDT,15m,aligned,0.5748,0.5237,3.479649957401909,3.3487919216216095,2.5,TREND
2024-10-05 20:00:00,DOTUSDT,30m,aligned,4.125,4.131,-0.2192498702716923,-0.20416746976744296,2.5,TREND
2024-10-05 23:00:00,FILUSDT,15m,aligned,3.62,3.604,0.12394609968450454,0.115419733333342,2.5,TREND
2024-10-06 00:00:00,FILUSDT,15m,standalone,3.614,3.604,-0.001984166631431833,-0.0018455438596446997,2.5,TREND
2024-10-07 15:00:00,DOTUSDT,30m,standalone,4.217,4.218,-0.2694661592635463,-0.2511568705882409,2.5,TREND
2024-10-08 22:00:00,FILUSDT,15m,standalone,3.662,3.665,-0.2182856481344223,-0.20396617230768926,3.5,TREND
2024-10-09 20:00:00,FILUSDT,15m,aligned,3.526,3.536,-0.24697151196590594,-0.23124190697674046,3.5,TREND
2024-10-09 21:00:00,DOTUSDT,30m,aligned,3.958,4.06,-0.8115911504810345,-0.7599009449664351,4.0,TREND
2024-10-10 08:00:00,DOTUSDT,30m,aligned,4.038,4.024,0.041677448297855926,0.03932182028985972,4.0,TREND
2024-10-13 10:00:00,XRPUSDT,15m,aligned,0.5336,0.5302,0.32082870683083675,0.3032827555555518,2.5,TREND
2024-10-13 15:00:00,DOTUSDT,30m,aligned,4.124,4.148,-0.2767594257400888,-0.26162359999999424,3.0,TREND
2024-10-13 15:00:00,FILUSDT,15m,aligned,3.526,3.553,-0.6100940105797528,-0.5767282937499936,4.0,TREND
2024-10-14 12:00:00,DOTUSDT,30m,aligned,4.278,4.374,0.6004461316870737,0.5706614857142885,2.5,TREND
2024-10-14 12:00:00,FILUSDT,15m,aligned,3.67,3.737,0.42259531381158744,0.4016328141844004,2.5,TREND
2024-10-17 16:00:00,DOTUSDT,30m,aligned,4.237,4.195,0.28901001088970124,0.2720289801801775,3.5,TREND
2024-10-17 23:00:00,DOTUSDT,30m,aligned,4.199,4.195,-0.16515768086857438,-0.15503196800001304,2.5,TREND
2024-10-19 01:00:00,FILUSDT,15m,aligned,3.78,3.723,-0.524099894643885,-0.49273155328467055,2.5,TREND
2024-10-19 03:00:00,DOTUSDT,30m,aligned,4.438,4.37,-0.43818094573335775,-0.41195501128205086,5.0,TREND
2024-10-19 07:00:00,DOTUSDT,30m,aligned,4.388,4.37,-0.22106966437240105,-0.20869798068965387,2.5,TREND
2024-10-20 04:00:00,FILUSDT,15m,aligned,3.731,3.944,2.4174737344462702,2.2983532409090985,3.5,TREND
2024-10-20 23:00:00,DOTUSDT,30m,aligned,4.58,4.574,-0.08998067329020668,-0.08362489955555294,4.0,TREND
2024-10-22 08:00:00,XRPUSDT,15m,standalone,0.5471,0.5351,0.8109625868318262,0.7543111366906492,2.5,TREND
2024-10-23 08:00:00,DOTUSDT,30m,aligned,4.245,4.229,0.044362474712572986,0.04095451881187921,4.0,TREND
2024-10-23 12:00:00,DOTUSDT,30m,aligned,4.212,4.229,-0.3322146710961913,-0.30656815744680704,2.5,TREND
2024-10-23 12:00:00,FILUSDT,15m,aligned,3.703,3.726,-0.43089044724618636,-0.39762629999999544,3.5,TREND
2024-10-23 15:00:00,XRPUSDT,15m,standalone,0.5269,0.5221,0.38963850804336175,0.3621089043478334,3.5,TREND
2024-10-23 16:00:00,DOTUSDT,30m,aligned,4.189,4.229,-0.4762583441524242,-0.4426086837606805,5.0,TREND
2024-10-23 16:00:00,FILUSDT,15m,aligned,3.684,3.652,0.22700604922331213,0.21096711456311187,5.0,TREND
2024-10-23 23:00:00,FILUSDT,15m,aligned,3.678,3.652,0.3041348597208211,0.2810359000000052,2.5,TREND
2024-10-25 10:00:00,DOTUSDT,30m,aligned,4.168,4.186,-0.3912834324268418,-0.3621415512195069,3.5,TREND
2024-10-25 12:00:00,XRPUSDT,15m,aligned,0.5265,0.5169,1.204687215234913,1.114964909589031,3.5,TREND
2024-10-25 18:00:00,DOTUSDT,30m,aligned,4.104,4.053,0.6456122455655113,0.5997003090909145,2.5,TREND
2024-10-25 22:00:00,XRPUSDT,15m,aligned,0.518,0.5119,0.5227708431340524,0.4802208701030968,2.5,TREND
2024-10-25 23:00:00,FILUSDT,15m,aligned,3.576,3.475,0.5734282897151022,0.5267551468208111,4.0,TREND
2024-10-30 06:00:00,FILUSDT,15m,aligned,3.721,3.737,0.09176370740707014,0.08296725970149804,2.5,TREND
2024-10-30 17:00:00,XRPUSDT,15m,standalone,0.5232,0.5253,-1.1968045017830198,-1.0811820727272676,2.5,TREND
2024-10-31 12:00:00,DOTUSDT,30m,standalone,4.1,3.944,1.3781275362427399,1.2585953252173887,3.5,TREND
2024-10-31 15:00:00,FILUSDT,15m,aligned,3.571,3.538,0.12431669226753607,0.11353405517241646,4.0,TREND
2024-11-01 15:00:00,DOTUSDT,30m,aligned,3.971,3.927,0.9257325008032907,0.8339953822784916,3.5,TREND
2024-11-01 16:00:00,FILUSDT,15m,aligned,3.458,3.487,-0.4255686403115884,-0.38339615445544206,3.0,TREND
2024-11-02 19:00:00,FILUSDT,15m,aligned,3.402,3.433,-0.5140272709589833,-0.4610115045454483,2.5,TREND
2024-11-02 20:00:00,DOTUSDT,30m,aligned,3.878,3.9,-0.5530661909133754,-0.49832134545453993,2.5,TREND
2024-11-03 02:00:00,FILUSDT,15m,aligned,3.384,3.376,-0.025662419845811246,-0.023238044444437847,4.0,TREND
2024-11-03 05:00:00,FILUSDT,15m,aligned,3.373,3.376,-0.21144834594135842,-0.19151694153845186,2.5,TREND
2024-11-03 11:00:00,FILUSDT,15m,aligned,3.353,3.326,0.2288104396577358,0.20764012705882787,3.5,TREND
2024-11-03 18:00:00,XRPUSDT,15m,aligned,0.4997,0.498,0.04515352367220049,0.04097576756757271,2.5,TREND
2024-11-03 19:00:00,FILUSDT,15m,aligned,3.272,3.326,-0.5821494201218383,-0.526976846666668,2.5,TREND
2024-11-03 19:00:00,XRPUSDT,15m,aligned,0.4944,0.498,-0.4339944544197915,-0.3928631055118065,2.5,TREND
2024-11-03 20:00:00,DOTUSDT,30m,aligned,3.78,3.713,1.0483386529062617,0.9577936745762671,2.5,TREND
2024-11-03 20:00:00,FILUSDT,15m,aligned,3.327,3.326,-0.14000280082826597,-0.12791076307692362,2.5,TREND
2024-11-03 20:00:00,XRPUSDT,15m,aligned,0.5005,0.498,0.16989972736667447,0.1552254929577453,2.5,TREND
2024-11-03 21:00:00,DOTUSDT,30m,aligned,3.792,3.713,1.610777302960905,1.4572985446808513,2.5,TREND
2024-11-03 21:00:00,FILUSDT,15m,aligned,3.343,3.326,0.15485367764045396,0.1400988446069434,2.5,TREND
2024-11-03 21:00:00,XRPUSDT,15m,aligned,0.5032,0.498,0.9541707119860824,0.863255018181839,2.5,TREND
2024-11-03 22:00:00,FILUSDT,15m,aligned,3.357,3.326,0.5963977910476173,0.5266134403893004,3.5,TREND
2024-11-03 22:00:00,XRPUSDT,15m,aligned,0.5029,0.498,0.8613867139793264,0.7605960782609099,2.5,TREND
2024-11-04 01:00:00,XRPUSDT,15m,standalone,0.5031,0.498,0.9427734537670964,0.8218804533333328,2.5,TREND
2024-11-05 04:00:00,FILUSDT,15m,aligned,3.315,3.341,-0.44886241657049986,-0.3881143999999989,2.5,TREND
2024-11-05 04:00:00,XRPUSDT,15m,standalone,0.5053,0.5058,-0.33566095195437895,-0.2902333636363624,2.5,TREND
2024-11-06 01:00:00,XRPUSDT,15m,aligned,0.5201,0.5288,0.5728757276605165,0.49872713655172946,4.0,TREND
2024-11-06 07:00:00,FILUSDT,15m,aligned,3.608,3.682,0.2645438616766691,0.23030335595667994,3.5,TREND
2024-11-06 08:00:00,XRPUSDT,15m,aligned,0.5364,0.5288,-0.3463702108848745,-0.3000423445544534,2.5,TREND
2024-11-07 04:00:00,XRPUSDT,15m,aligned,0.5599,0.5548,-0.23371753421603325,-0.20306652560975658,4.0,TREND
2024-11-07 12:00:00,XRPUSDT,15m,aligned,0.5473,0.5548,0.7279046497399609,0.6337301063829762,2.5,TREND
2024-11-08 07:00:00,DOTUSDT,30m,aligned,4.268,4.279,-0.006949697381959469,-0.005998730434784276,4.0,TREND
2024-11-08 15:00:00,DOTUSDT,30m,aligned,4.303,4.279,-0.2195877035243558,-0.18955162947368312,2.5,TREND
2024-11-08 16:00:00,DOTUSDT,30m,aligned,4.342,4.279,-0.3790391848317577,-0.3278140838427943,2.5,TREND
2024-11-08 19:00:00,FILUSDT,15m,aligned,3.88,3.871,-0.12041153762508175,-0.10448107157894511,5.0,TREND
2024-11-10 00:00:00,DOTUSDT,30m,aligned,4.634,5.118,1.6974795466108223,1.474443240125394,4.0,TREND
2024-11-10 06:00:00,XRPUSDT,15m,aligned,0.5853,0.5914,0.12234277840255445,0.10626783866348555,2.5,TREND
2024-11-10 08:00:00,FILUSDT,15m,aligned,4.104,4.23,0.4507784557046349,0.3915494876712324,2.5,TREND
2024-11-11 23:00:00,XRPUSDT,15m,aligned,0.6188,0.6072,-0.3652596955578126,-0.3111309495327086,2.5,TREND
2024-11-12 01:00:00,DOTUSDT,30m,aligned,5.575,5.485,-0.23425093365007246,-0.20015946110056765,2.5,TREND
2024-11-12 03:00:00,XRPUSDT,15m,aligned,0.6048,0.599,-0.5214425076060969,-0.4455549000000014,2.5,TREND
2024-11-12 04:00:00,DOTUSDT,30m,aligned,5.577,5.485,-0.2879412249548718,-0.24652944220183154,2.5,TREND
2024-11-12 05:00:00,DOTUSDT,30m,aligned,5.478,5.485,-0.021522450605165385,-0.018555672816177628,2.5,TREND
2024-11-12 06:00:00,XRPUSDT,15m,aligned,0.6019,0.6159,1.0259631682441326,0.8845385323741035,2.5,TREND
2024-11-12 15:00:00,XRPUSDT,15m,aligned,0.6673,0.705,0.6031508978212342,0.5155445976945244,4.0,TREND
2024-11-13 00:00:00,XRPUSDT,15m,aligned,0.7048,0.705,-0.02636947772918667,-0.02242376637168095,2.5,TREND
2024-11-13 04:00:00,XRPUSDT,15m,aligned,0.6676,0.705,0.9955091786490973,0.8467392591885451,2.5,TREND
2024-11-14 17:00:00,XRPUSDT,15m,aligned,0.7271,0.7638,0.9348223277620612,0.7884454369020535,5.0,TREND
2024-11-15 13:00:00,XRPUSDT,15m,aligned,0.8654,0.8607,-0.07759373096660899,-0.06493195145985302,3.0,TREND
2024-11-15 18:00:00,XRPUSDT,15m,aligned,0.87,1.0893,2.628229924243712,2.200783208536583,2.5,TREND
2024-11-15 19:00:00,FILUSDT,15m,aligned,4.178,4.19,0.0010369541467453829,0.0008683073170762672,3.5,TREND
2024-11-16 03:00:00,DOTUSDT,30m,standalone,5.172,5.718,2.0315556505247327,1.7011353153846207,2.5,TREND
2024-11-16 11:00:00,FILUSDT,15m,aligned,4.337,4.541,1.250167691276953,1.046835418579242,4.0,TREND
2024-11-18 09:00:00,FILUSDT,15m,aligned,4.573,4.576,-0.038178439197977525,-0.030461486956523405,2.5,TREND
2024-11-18 10:00:00,DOTUSDT,30m,aligned,5.802,5.847,0.0735153300286178,0.058673656441721095,2.5,TREND
2024-11-18 12:00:00,FILUSDT,15m,standalone,4.434,4.576,0.8863921211165796,0.7070276327868821,2.5,TREND
2024-11-18 13:00:00,DOTUSDT,30m,aligned,5.755,5.847,0.21639694917340574,0.17139646334841993,2.5,TREND
2024-11-18 14:00:00,DOTUSDT,30m,aligned,5.703,5.847,0.4145351702720661,0.3277693784615404,2.5,TREND
2024-11-22 08:00:00,DOTUSDT,30m,standalone,6.092,8.588,6.219886167844576,4.079556466377897,2.5,TREND
2024-11-23 04:00:00,DOTUSDT,30m,standalone,7.204,8.938,3.682333166690219,2.9696914914904924,2.5,TREND
2024-11-23 05:00:00,FILUSDT,15m,aligned,4.937,5.82,3.983665597099996,3.088756417081845,3.5,TREND
2024-11-27 17:00:00,XRPUSDT,15m,aligned,1.471,1.4754,0.0032550508024607946,0.0023387904761896917,3.5,TREND
2024-11-27 20:00:00,FILUSDT,15m,aligned,5.667,5.747,0.3440212667905262,0.24718313513513485,3.0,TREND
2024-11-29 07:00:00,XRPUSDT,15m,aligned,1.6147,1.913,2.7433601210476306,1.9662288158176944,5.0,TREND
2024-11-29 20:00:00,FILUSDT,15m,aligned,6.043,6.146,0.2917287652088105,0.20908866472019358,2.5,TREND
2024-11-30 18:00:00,DOTUSDT,30m,aligned,8.938,9.048,0.34093698417373497,0.2375900392156854,3.5,TREND
2024-11-30 18:00:00,FILUSDT,15m,aligned,6.649,7.098,1.0973113760853705,0.7646875081850547,2.5,TREND
2024-12-02 12:00:00,FILUSDT,15m,aligned,6.794,7.068,1.5705197772029749,1.0634641169590688,2.5,TREND
2024-12-02 15:00:00,XRPUSDT,15m,aligned,2.6185,2.6879,0.12561714771381058,0.08416551373081597,4.0,TREND
2024-12-03 05:00:00,DOTUSDT,30m,aligned,10.029,10.147,0.10673899982659124,0.07151685035856645,3.5,TREND
2024-12-03 07:00:00,FILUSDT,15m,aligned,7.294,7.257,-0.228693928943118,-0.15299043946666455,2.5,TREND
2024-12-03 12:00:00,XRPUSDT,15m,aligned,2.8536,2.6011,-1.5376787696328713,-1.0302442811881178,4.0,TREND
2024-12-04 07:00:00,FILUSDT,15m,aligned,8.084,8.115,0.010017985229541098,0.006781917196415555,2.5,TREND
2024-12-04 08:00:00,DOTUSDT,30m,aligned,10.059,10.935,2.3173218138971627,1.0739213775668996,2.5,TREND
2024-12-04 13:00:00,DOTUSDT,30m,aligned,11.336,10.935,0.823819959521783,-0.5829088898138948,2.5,TREND
2024-12-04 15:00:00,DOTUSDT,30m,aligned,11.062,10.935,-0.17304058807887004,-0.11360392426205773,2.5,TREND
2024-12-04 16:00:00,DOTUSDT,30m,aligned,10.997,10.362,-0.6924189959646893,-0.45510120054756836,2.5,TREND
2024-12-05 18:00:00,DOTUSDT,30m,aligned,10.977,10.793,-0.30360425255002244,-0.200446797757009,3.5,TREND
2024-12-07 06:00:00,DOTUSDT,30m,aligned,10.516,10.634,0.27156612030599225,0.1796545674796762,2.5,TREND
2024-12-08 01:00:00,XRPUSDT,15m,aligned,2.5837,2.5316,-0.5090222294154301,-0.33613976653431393,2.5,TREND
2024-12-13 23:00:00,XRPUSDT,15m,standalone,2.4162,2.4222,-0.01011937471944882,-0.006705005199301417,2.5,TREND
2024-12-14 00:00:00,XRPUSDT,15m,standalone,2.4234,2.4771,0.5765614001453347,0.38204993050571023,2.5,TREND
2024-12-17 08:00:00,XRPUSDT,15m,aligned,2.5359,2.6437,0.7330135406569844,0.483872007314726,3.5,TREND
2024-12-17 19:00:00,XRPUSDT,15m,aligned,2.6051,2.5775,-0.36845848961839445,-0.2420531322222192,2.5,TREND
2024-12-18 12:00:00,FILUSDT,15m,standalone,6.192,6.114,0.22344786265918237,0.14714680677966194,3.5,TREND
2024-12-18 13:00:00,DOTUSDT,30m,standalone,8.195,8.325,-0.3434720893833599,-0.22618619202363224,4.0,TREND
2024-12-18 14:00:00,FILUSDT,15m,standalone,6.076,6.114,-0.3136435296386917,-0.20623975730336935,2.5,TREND
2024-12-18 20:00:00,DOTUSDT,30m,aligned,8.099,7.668,0.8010303015220067,0.5290121247089289,3.0,TREND
2024-12-20 02:00:00,FILUSDT,15m,aligned,5.144,5.214,-0.21801468238513647,-0.14322242033898303,2.5,TREND
2024-12-20 03:00:00,DOTUSDT,30m,aligned,7.219,7.122,0.20055703492213867,0.13194277667238666,3.5,TREND
2024-12-20 03:00:00,FILUSDT,15m,aligned,5.284,5.214,0.18680440257199657,0.12289517333333302,3.5,TREND
2024-12-20 09:00:00,DOTUSDT,30m,aligned,6.53,6.736,-0.2963003576604171,-0.19443504969696887,4.0,TREND
2024-12-20 20:00:00,FILUSDT,15m,aligned,5.116,4.78,2.437635159243496,1.6027150965174095,2.5,TREND
2024-12-20 21:00:00,FILUSDT,15m,aligned,5.091,4.78,2.032028940974775,1.3149589575221254,2.5,TREND
2024-12-22 00:00:00,FILUSDT,15m,aligned,4.916,4.948,-0.12761789282323763,-0.08151176654804244,2.5,TREND
2024-12-25 19:00:00,FILUSDT,15m,standalone,5.291,5.31,-0.281596782386485,-0.18000748723403184,2.5,TREND
2024-12-26 05:00:00,FILUSDT,15m,aligned,5.168,5.04,0.7753779403341177,0.4965452017467283,5.0,TREND
2024-12-26 15:00:00,DOTUSDT,30m,aligned,6.972,7.017,-0.16400096511156692,-0.10450585436893117,2.5,TREND
2024-12-26 15:00:00,FILUSDT,15m,aligned,4.994,5.024,-0.18825268337089612,-0.1199597057220721,2.5,TREND
2024-12-26 16:00:00,DOTUSDT,30m,aligned,6.954,7.017,-0.2032541358189997,-0.12981041698113258,2.5,TREND
2024-12-30 00:00:00,DOTUSDT,30m,aligned,6.863,6.933,-0.48326962490912595,-0.30904646366781724,2.5,TREND
2024-12-30 13:00:00,XRPUSDT,15m,aligned,2.0755,2.0401,0.41850807599428697,0.26846172246376915,2.5,TREND
2025-01-03 12:00:00,FILUSDT,15m,aligned,5.422,5.632,1.3220024466259372,0.8457586260869594,5.0,TREND
2025-01-03 15:00:00,DOTUSDT,30m,aligned,7.844,7.831,-0.07331868373690792,-0.046906047248320516,5.0,TREND
2025-01-03 16:00:00,DOTUSDT,30m,aligned,7.865,7.831,-0.11930747175050603,-0.07636345648021708,3.5,TREND
2025-01-06 13:00:00,FILUSDT,15m,aligned,6.023,6.158,0.3564185745017048,0.22638513243762298,2.5,TREND
2025-01-06 14:00:00,FILUSDT,15m,aligned,6.049,6.158,0.26513745603841915,0.16802603948811867,2.5,TREND
2025-01-08 16:00:00,DOTUSDT,30m,aligned,6.847,6.788,0.2229102507192501,0.14102835194346586,3.5,TREND
2025-01-08 19:00:00,FILUSDT,15m,aligned,5.077,5.144,-0.313458933993021,-0.19831567512195075,2.5,TREND
2025-01-09 01:00:00,FILUSDT,15m,aligned,5.137,5.144,-0.1340546135945219,-0.08486078064260208,2.5,TREND
2025-01-09 02:00:00,FILUSDT,15m,aligned,5.137,5.112,0.057971581006858765,0.03672899999999822,2.5,TREND
2025-01-09 05:00:00,DOTUSDT,30m,aligned,6.756,6.743,-0.03724042214869297,-0.02359437919999887,2.5,TREND
2025-01-09 14:00:00,FILUSDT,15m,aligned,4.942,5.112,-0.9054341611013103,-0.5734444485981303,4.0,TREND
2025-01-09 18:00:00,DOTUSDT,30m,aligned,6.644,6.637,-0.09236541212101508,-0.05884973197968915,3.0,TREND
2025-01-09 20:00:00,FILUSDT,15m,aligned,5.005,5.082,-0.7858070701722373,-0.5006693999999957,3.0,TREND
2025-01-11 16:00:00,XRPUSDT,15m,standalone,2.4061,2.4758,1.3047332182486218,0.8359756367021322,2.5,TREND
2025-01-13 12:00:00,FILUSDT,15m,aligned,4.66,4.901,-0.7596706277829782,-0.4827049267552159,4.0,TREND
2025-01-13 13:00:00,DOTUSDT,30m,standalone,6.117,6.348,-0.6071537011053836,-0.38579362173912835,2.5,TREND
2025-01-13 18:00:00,FILUSDT,15m,aligned,4.774,4.906,-0.5043384353667276,-0.32201781592920165,2.5,TREND
2025-01-15 16:00:00,XRPUSDT,15m,aligned,2.97,3.0237,0.21915482948486245,0.14092952248833482,4.0,TREND
2025-01-15 22:00:00,FILUSDT,15m,aligned,5.538,5.519,-0.14374907776859752,-0.09243916246648927,3.5,TREND
2025-01-16 04:00:00,XRPUSDT,15m,aligned,3.0391,3.3207,1.2950861522420942,0.8316449912778288,2.5,TREND
2025-01-16 12:00:00,DOTUSDT,30m,aligned,7.077,7.207,0.8307966766225023,0.533992485436894,4.0,TREND
2025-01-18 02:00:00,DOTUSDT,30m,aligned,7.448,7.501,0.316119929203602,0.20044638250000585,2.5,TREND
2025-01-19 23:00:00,DOTUSDT,30m,aligned,6.351,6.912,-1.0336994949586469,-0.6541404338600445,5.0,TREND
2025-01-20 00:00:00,FILUSDT,15m,aligned,4.975,5.445,-1.2040347395562971,-0.7619311132075479,3.5,TREND
2025-01-21 01:00:00,FILUSDT,15m,aligned,5.012,5.019,-0.0709583359755227,-0.0455484909090914,2.5,TREND
2025-01-23 13:00:00,FILUSDT,15m,standalone,4.885,4.921,-0.30728095306803604,-0.19733497777777806,2.5,TREND
2025-01-29 05:00:00,DOTUSDT,30m,aligned,5.781,5.682,0.5115630751290067,0.3291739666666624,2.5,TREND
2025-02-01 21:00:00,FILUSDT,15m,aligned,4.433,4.336,0.30091234119094723,0.19299188792710634,3.0,TREND
2025-02-02 10:00:00,XRPUSDT,15m,aligned,2.8967,2.7028,2.6376157502049797,1.6883918108892972,2.5,TREND
2025-02-02 17:00:00,DOTUSDT,30m,aligned,5.455,5.335,0.20356038134177518,0.13030316521739232,5.0,TREND
2025-02-02 19:00:00,DOTUSDT,30m,aligned,5.144,5.335,-0.35786275921410576,-0.2287771706340371,2.5,TREND
2025-02-02 20:00:00,DOTUSDT,30m,aligned,5.29,4.339,1.9759369759178014,1.2450461891102251,3.5,TREND
2025-02-02 22:00:00,XRPUSDT,15m,aligned,2.6069,2.4277,0.7896282357430439,0.4975480684393068,2.5,TREND
2025-02-06 15:00:00,XRPUSDT,15m,aligned,2.369,2.3483,0.24712698455681367,0.1530487326818694,3.0,TREND
2025-02-06 18:00:00,FILUSDT,15m,aligned,3.133,3.157,-0.3079749496582895,-0.19073261395348556,2.5,TREND
2025-02-07 08:00:00,XRPUSDT,15m,aligned,2.2875,2.3718,-0.8090300424133747,-0.5012309807946997,2.5,TREND
2025-02-10 05:00:00,XRPUSDT,15m,aligned,2.3869,2.3591,0.31546728056872897,0.19643092961930889,2.5,TREND
2025-02-10 06:00:00,XRPUSDT,15m,aligned,2.4008,2.3591,0.6010496151744286,0.3735197940298462,2.5,TREND
2025-02-10 07:00:00,FILUSDT,15m,standalone,3.34,3.337,-0.11880322032873673,-0.07355502665121759,2.5,TREND
2025-02-12 13:00:00,XRPUSDT,15m,standalone,2.4199,2.4258,-0.18902683624200298,-0.11711895069252176,3.5,TREND
2025-02-12 14:00:00,FILUSDT,15m,standalone,3.243,3.357,-0.6811853382950527,-0.42205495068493065,4.0,TREND
2025-02-15 01:00:00,XRPUSDT,15m,aligned,2.7469,2.7447,-0.047524868676688245,-0.029605511616766316,4.0,TREND
2025-02-16 17:00:00,DOTUSDT,30m,aligned,4.929,4.896,0.1616979845658947,0.10075923141361694,2.5,TREND
2025-02-16 21:00:00,DOTUSDT,30m,aligned,4.876,4.896,-0.3239837013634965,-0.20168148502993538,2.5,TREND
2025-02-16 22:00:00,DOTUSDT,30m,aligned,4.913,4.896,0.036427106772578766,0.02272188317107784,2.5,TREND
2025-02-18 11:00:00,XRPUSDT,15m,aligned,2.5878,2.6014,-0.23413309205714106,-0.14601039496150975,3.5,TREND
2025-02-18 23:00:00,FILUSDT,15m,standalone,3.204,3.186,0.056851915452793195,0.0355059105882371,2.5,TREND
2025-02-19 00:00:00,FILUSDT,15m,standalone,3.227,3.186,0.22108363549316778,0.1380250706896555,2.5,TREND
2025-02-19 00:00:00,XRPUSDT,15m,aligned,2.5614,2.5432,0.1650066154496843,0.10301553849021677,3.5,TREND
2025-02-24 08:00:00,DOTUSDT,30m,aligned,4.801,4.328,2.3310415992778606,1.451796811356467,3.5,TREND
2025-02-24 08:00:00,XRPUSDT,15m,aligned,2.4941,2.1945,4.372733504982792,2.7233836416356825,2.5,TREND
2025-02-24 11:00:00,FILUSDT,15m,standalone,3.254,2.958,1.8161474751594984,1.1311154267716548,2.5,TREND
2025-03-01 07:00:00,DOTUSDT,30m,aligned,4.6676,4.5922,1.8391784073823918,1.0877405951219554,3.0,TREND
2025-03-04 17:00:00,FILUSDT,15m,aligned,2.887,3.001,-0.42728045285620614,-0.24998618732106184,2.5,TREND
2025-03-04 20:00:00,FILUSDT,15m,aligned,3.026,3.04,-0.509273299198671,-0.2987039256308065,2.5,TREND
2025-03-08 20:00:00,DOTUSDT,30m,aligned,4.3533,4.3429,-0.011172903649803688,-0.00657287348148266,2.5,TREND
2025-03-08 22:00:00,DOTUSDT,30m,aligned,4.3132,4.2932,0.04358176788052158,0.02564027088036592,3.0,TREND
2025-03-09 10:00:00,DOTUSDT,30m,aligned,4.2558,4.2446,-0.007993737179061322,-0.004701714899325117,3.0,TREND
2025-03-09 18:00:00,DOTUSDT,30m,aligned,4.004,4.1078,-0.5328717430703231,-0.31343647664670643,4.0,TREND
2025-03-10 18:00:00,DOTUSDT,30m,aligned,3.907,3.9623,-0.3147350257626147,-0.1857100031363757,4.0,TREND
2025-03-10 19:00:00,FILUSDT,15m,aligned,2.6,2.653,-0.4334164859612592,-0.255738225423728,2.5,TREND
2025-03-11 12:00:00,FILUSDT,15m,aligned,2.687,2.715,-0.2281543143267237,-0.13521981444866898,5.0,TREND
2025-03-11 13:00:00,FILUSDT,15m,aligned,2.649,2.715,-0.41150813041257156,-0.24421802790697597,2.5,TREND
2025-03-24 06:00:00,XRPUSDT,15m,aligned,2.4511,2.4421,-0.35618833869659466,-0.21190486096256103,2.5,TREND
2025-03-24 11:00:00,XRPUSDT,15m,aligned,2.4693,2.4421,-0.6145861938565444,-0.36640828903225703,2.5,TREND
2025-03-24 13:00:00,DOTUSDT,30m,standalone,4.6915,4.7072,0.015531443872399256,0.0092936975502759,2.5,TREND
2025-03-27 14:00:00,XRPUSDT,15m,aligned,2.3234,2.2423,0.8391278602898532,0.5020702448924744,2.5,TREND
2025-03-28 09:00:00,FILUSDT,15m,aligned,2.871,2.817,0.3246539139019112,0.19424819240506375,2.5,TREND
2025-03-28 13:00:00,DOTUSDT,30m,aligned,4.2519,4.03,0.7021579719058152,0.4180191388590751,2.5,TREND
2025-03-29 02:00:00,XRPUSDT,15m,aligned,2.1904,2.1098,0.7444587098854718,0.44234728493475856,4.0,TREND
2025-03-29 10:00:00,FILUSDT,15m,aligned,2.796,2.736,0.35037510559480334,0.20818814342629427,2.5,TREND
2025-03-29 13:00:00,XRPUSDT,15m,aligned,2.1017,2.1098,-0.1643004481430794,-0.09719516138888701,2.5,TREND
2025-03-29 14:00:00,XRPUSDT,15m,aligned,2.1362,2.1098,0.3022302989733703,0.17896422187226774,3.5,TREND
2025-03-29 16:00:00,XRPUSDT,15m,aligned,2.1062,2.1098,-0.11524112453223034,-0.06811757304659279,2.5,TREND
2025-03-29 20:00:00,FILUSDT,15m,aligned,2.734,2.736,-0.16696008864718376,-0.09855102857142953,3.5,TREND
2025-03-29 20:00:00,XRPUSDT,15m,aligned,2.1311,2.1098,0.22710976562974583,0.13405539720768037,2.5,TREND
2025-03-30 20:00:00,DOTUSDT,30m,aligned,4.0769,4.03,0.26315177986555777,0.154634009395393,2.5,TREND
2025-03-30 22:00:00,DOTUSDT,30m,aligned,4.0398,4.03,-0.009560719455662968,-0.005609423520600146,2.5,TREND
2025-03-31 03:00:00,DOTUSDT,30m,aligned,4.0522,4.0797,-0.6953981156783234,-0.4080238300104881,2.5,TREND
2025-03-31 10:00:00,XRPUSDT,15m,aligned,2.0429,2.0778,-0.4462163166991405,-0.26288942443438823,3.5,TREND
2025-03-31 12:00:00,XRPUSDT,15m,aligned,2.081,2.0778,-0.03807290705768313,-0.022489868953684426,2.5,TREND
2025-03-31 13:00:00,XRPUSDT,15m,aligned,2.1015,2.0778,0.26829135174882823,0.15851678046181372,2.5,TREND
2025-04-04 11:00:00,XRPUSDT,15m,aligned,2.0463,2.0767,-1.767115392222364,-1.0424268634005747,3.0,TREND
2025-04-06 13:00:00,FILUSDT,15m,aligned,2.609,2.438,1.8581312296363581,1.1076639756756728,2.5,TREND
2025-04-06 17:00:00,DOTUSDT,30m,aligned,3.85,3.5071,2.571171938421038,1.5327198025806466,4.0,TREND
2025-04-07 15:00:00,FILUSDT,15m,aligned,2.384,2.347,0.17376387652311165,0.10091898604651274,2.5,TREND
2025-04-08 07:00:00,FILUSDT,15m,aligned,2.334,2.344,-0.254673507529287,-0.14776074999999464,3.0,TREND
2025-04-08 07:00:00,XRPUSDT,15m,aligned,1.8595,1.9347,-1.482548685949432,-0.8601699794871783,3.0,TREND
2025-04-10 07:00:00,DOTUSDT,30m,standalone,3.5886,3.4456,2.3763776835669486,1.3928052008368204,2.5,TREND
2025-04-10 08:00:00,DOTUSDT,30m,aligned,3.5537,3.4456,1.3031060198111195,0.7532645459003847,3.0,TREND
2025-04-13 08:00:00,XRPUSDT,15m,aligned,2.1457,2.1254,-0.31964142179720767,-0.18338833300767635,2.5,TREND
2025-04-16 01:00:00,DOTUSDT,30m,aligned,3.5128,3.5303,-0.18994799284339964,-0.10917935754189863,2.5,TREND
2025-04-16 16:00:00,DOTUSDT,30m,aligned,3.5534,3.6088,-0.6812728848866224,-0.39201379364889055,2.5,TREND
2025-04-16 16:00:00,FILUSDT,15m,aligned,2.412,2.4,0.08023524323874456,0.0461684631578963,2.5,TREND
2025-04-20 18:00:00,XRPUSDT,15m,standalone,2.0558,2.06,-0.4766048269119973,-0.2751967314916962,2.5,TREND
2025-04-21 17:00:00,XRPUSDT,15m,standalone,2.0831,2.0868,-0.862454111194421,-0.49936447539267603,4.0,TREND
2025-04-23 20:00:00,DOTUSDT,30m,aligned,4.067,4.1251,0.2105479067807085,0.1225199244351041,2.5,TREND
2025-04-24 23:00:00,FILUSDT,15m,standalone,2.834,2.832,-0.1898837089978093,-0.1103600088888854,2.5,TREND
2025-05-01 22:00:00,FILUSDT,15m,standalone,2.851,2.86,0.009434960096039585,0.005489637158470803,2.5,TREND
2025-05-03 23:00:00,DOTUSDT,30m,aligned,4.0452,3.9846,0.43956508569466224,0.2557425090155466,3.5,TREND
2025-05-04 14:00:00,DOTUSDT,30m,aligned,3.9453,3.9516,-0.13315607049662742,-0.07727365325022162,2.5,TREND
2025-05-04 20:00:00,DOTUSDT,30m,aligned,3.9399,3.9516,-0.1935211831768044,-0.11239182154149953,2.5,TREND
2025-05-04 21:00:00,DOTUSDT,30m,aligned,3.9621,3.9516,-0.005527910911689207,-0.0032140721420637055,2.5,TREND
2025-05-05 23:00:00,FILUSDT,15m,aligned,2.627,2.62,-0.01989031861646301,-0.011565123745821441,2.5,TREND
2025-05-06 03:00:00,XRPUSDT,15m,aligned,2.1119,2.1134,-0.17637568690612931,-0.10256460027662738,2.5,TREND
2025-05-06 04:00:00,XRPUSDT,15m,aligned,2.1174,2.1134,-0.0494566990146415,-0.028789197604791476,2.5,TREND
2025-05-06 06:00:00,XRPUSDT,15m,aligned,2.1051,2.1134,-0.2942963268356732,-0.17136192183352883,2.5,TREND
2025-05-06 07:00:00,XRPUSDT,15m,aligned,2.1061,2.1134,-0.28992707140370094,-0.16910759180537605,3.5,TREND
2025-05-06 15:00:00,FILUSDT,15m,aligned,2.568,2.591,-0.4789595278936666,-0.2798389740740714,3.5,TREND
2025-05-07 05:00:00,FILUSDT,15m,aligned,2.574,2.576,-0.2664288464917937,-0.15610170847457502,2.5,TREND
2025-05-10 00:00:00,FILUSDT,15m,aligned,3.022,3.012,-0.11030373664042975,-0.0647284350877175,2.5,TREND
2025-05-10 01:00:00,FILUSDT,15m,aligned,3.013,3.012,-0.05821658891545559,-0.034184784057969916,2.5,TREND
2025-05-10 05:00:00,FILUSDT,15m,aligned,3.017,3.039,0.08221210382500564,0.04829146000000271,2.5,TREND
2025-05-10 10:00:00,FILUSDT,15m,aligned,3.074,3.039,-0.49132427258970096,-0.2884649933774784,2.5,TREND
2025-05-10 11:00:00,FILUSDT,15m,aligned,3.046,3.039,-0.21427879970533076,-0.12617075447153908,2.5,TREND
2025-05-10 12:00:00,XRPUSDT,15m,aligned,2.3793,2.4173,0.5459325388926584,0.32185982716049544,3.5,TREND
2025-05-10 17:00:00,FILUSDT,15m,aligned,3.098,3.105,-0.020117629376582125,-0.011860543661968384,4.0,TREND
2025-05-10 21:00:00,DOTUSDT,30m,aligned,5.0967,5.116,0.017962476235530843,0.010591208384501402,2.5,TREND
2025-05-10 22:00:00,FILUSDT,15m,aligned,3.165,3.151,-0.2071671663926993,-0.12215190160427847,2.5,TREND
2025-05-11 00:00:00,XRPUSDT,15m,aligned,2.471,2.4173,-0.688578373928015,-0.40470348582887455,2.5,TREND
2025-05-11 05:00:00,DOTUSDT,30m,aligned,5.199,5.116,-0.3739504941517671,-0.2206545135869555,2.5,TREND
2025-05-11 06:00:00,DOTUSDT,30m,aligned,5.1141,5.116,-0.058889142475882256,-0.03482517308662416,2.5,TREND
2025-05-18 02:00:00,FILUSDT,15m,aligned,2.8,2.8,-0.05989380309630312,-0.03547511312217001,2.5,TREND
2025-05-18 03:00:00,FILUSDT,15m,aligned,2.793,2.8,-0.10977823669116177,-0.06504474912280442,2.5,TREND
2025-05-18 19:00:00,FILUSDT,15m,aligned,2.837,2.812,0.6377653022497242,0.37812853982301936,5.0,TREND
2025-05-22 10:00:00,DOTUSDT,30m,aligned,4.9054,4.8814,-0.22255653333517947,-0.1314558214783791,2.5,TREND
2025-05-22 11:00:00,DOTUSDT,30m,aligned,4.8751,4.8814,-0.04850945883698527,-0.028690438518513356,2.5,TREND
2025-05-22 13:00:00,DOTUSDT,30m,aligned,4.9001,4.9091,-0.028419169896699382,-0.016813060035525067,2.5,TREND
2025-05-22 13:00:00,FILUSDT,15m,aligned,3.032,3.047,0.050087050249266296,0.02963199086758262,2.5,TREND
2025-05-22 21:00:00,FILUSDT,15m,aligned,3.059,3.071,0.02860497626722621,0.016920815841584717,2.5,TREND
2025-05-25 07:00:00,FILUSDT,15m,aligned,2.808,2.777,0.18934586562539393,0.11198556714975863,3.0,TREND
2025-05-25 08:00:00,DOTUSDT,30m,aligned,4.509,4.4682,0.15548770849670143,0.09196070462541016,4.0,TREND
2025-05-25 14:00:00,DOTUSDT,30m,aligned,4.4674,4.4354,0.20244103588542786,0.11948680611621036,2.5,TREND
2025-05-25 15:00:00,FILUSDT,15m,aligned,2.766,2.77,-0.16318170917316982,-0.09631476721311265,3.0,TREND
2025-05-25 20:00:00,FILUSDT,15m,aligned,2.777,2.77,-0.012016257881202738,-0.007090714814810341,2.5,TREND
2025-05-26 17:00:00,DOTUSDT,30m,aligned,4.4831,4.4831,-0.33497404549522825,-0.1976799999999887,3.5,TREND
2025-05-26 17:00:00,FILUSDT,15m,aligned,2.79,2.798,-0.29792045441550696,-0.17581336888888302,2.5,TREND
2025-05-26 17:00:00,XRPUSDT,15m,aligned,2.3123,2.3184,-1.3756258183060641,-0.8118053187096878,3.5,TREND
2025-05-26 22:00:00,DOTUSDT,30m,aligned,4.4676,4.4831,-0.894023762759836,-0.5339235466666614,2.5,TREND
2025-05-28 07:00:00,XRPUSDT,15m,aligned,2.2872,2.3128,-1.4781905430731863,-0.8875349096952824,3.0,TREND
2025-05-28 13:00:00,XRPUSDT,15m,aligned,2.3059,2.2532,4.394070921570211,2.6619127057470906,2.5,TREND
2025-05-29 16:00:00,FILUSDT,15m,standalone,2.814,2.789,0.5100573105370451,0.3009791228070192,2.5,TREND
2025-05-29 20:00:00,XRPUSDT,15m,aligned,2.2634,2.2758,-0.6219795544658449,-0.3670231890410955,2.5,TREND
2025-05-29 22:00:00,FILUSDT,15m,standalone,2.796,2.509,4.18998671106858,2.4740983610619507,2.5,TREND
2025-05-29 22:00:00,XRPUSDT,15m,aligned,2.2808,2.2038,3.5540031153982294,2.0985635252225765,3.5,TREND
2025-05-31 03:00:00,XRPUSDT,15m,aligned,2.0995,2.1388,-0.37440218277983817,-0.21653248310196255,3.5,TREND
2025-05-31 07:00:00,XRPUSDT,15m,aligned,2.1351,2.1388,-0.11288671141945664,-0.0654287937837832,3.5,TREND
2025-06-01 08:00:00,DOTUSDT,30m,aligned,4.0432,4.053,-0.24752076903679215,-0.14015042387267634,2.5,TREND
2025-06-01 08:00:00,FILUSDT,15m,aligned,2.555,2.559,-0.17138313397409483,-0.09704001391304161,2.5,TREND
2025-06-01 08:00:00,XRPUSDT,15m,aligned,2.1576,2.1528,-0.046688710121068774,-0.026435933190574683,2.5,TREND
2025-06-05 05:00:00,FILUSDT,15m,standalone,2.58,2.569,0.09821142230425634,0.05575594705882615,3.5,TREND
2025-06-05 21:00:00,DOTUSDT,30m,aligned,3.7487,3.842,-0.3958602046649692,-0.2246099358547645,2.5,TREND
2025-06-05 21:00:00,FILUSDT,15m,aligned,2.326,2.381,-0.3445968285774506,-0.19552324444444416,4.0,TREND
2025-06-06 04:00:00,DOTUSDT,30m,aligned,3.9129,3.842,0.5183351306469949,0.29534268745696235,2.5,TREND
2025-06-09 16:00:00,XRPUSDT,15m,aligned,2.2617,2.2875,0.3555397651424284,0.20198680166320418,2.5,TREND
2025-06-09 20:00:00,XRPUSDT,15m,aligned,2.2946,2.2875,-0.2415119264299411,-0.136929512056737,3.5,TREND
2025-06-11 06:00:00,DOTUSDT,30m,aligned,4.2748,4.2547,-0.19034083765250634,-0.10806511986509154,3.5,TREND
2025-06-11 06:00:00,FILUSDT,15m,aligned,2.712,2.709,-0.09233502475644471,-0.05242277821781984,3.5,TREND
2025-06-17 06:00:00,WIFUSDT,30m,aligned,0.8379,0.7656,1.7907688656985263,1.0183349478361672,3.0,TREND
2025-06-18 17:00:00,DOTUSDT,30m,aligned,3.6078,3.65,-0.3244358282098003,-0.18263319455877028,2.5,TREND
2025-06-18 18:00:00,FILUSDT,15m,aligned,2.359,2.407,-0.49552014225301394,-0.278940914285713,2.5,TREND
2025-06-18 22:00:00,DOTUSDT,30m,aligned,3.6597,3.65,-0.004029521651283674,-0.002272470698464664,3.5,TREND
2025-06-19 00:00:00,DOTUSDT,30m,aligned,3.6205,3.579,0.20276616484646326,0.11467414817518244,2.5,TREND
2025-06-19 19:00:00,FILUSDT,15m,aligned,2.346,2.343,-0.09279604058251911,-0.05242057058823325,2.5,TREND
2025-06-19 20:00:00,DOTUSDT,30m,aligned,3.552,3.5581,-0.12259169818823056,-0.06928848700906266,2.5,TREND
2025-06-20 02:00:00,DOTUSDT,30m,aligned,3.5498,3.4969,0.3253021448563615,0.18398734997862262,2.5,TREND
2025-06-20 18:00:00,FILUSDT,15m,aligned,2.229,2.277,-0.5692168299523878,-0.3213515928994077,4.0,TREND
2025-06-20 23:00:00,XRPUSDT,15m,aligned,2.1099,2.1305,-0.8348984193570652,-0.4713422422735326,2.5,TREND
2025-06-21 00:00:00,DOTUSDT,30m,aligned,3.436,3.4385,-0.13644237079265598,-0.07702859593392401,2.5,TREND
2025-06-21 01:00:00,DOTUSDT,30m,aligned,3.434,3.4385,-0.15629901653558298,-0.08859160476787589,2.5,TREND
2025-06-21 01:00:00,FILUSDT,15m,aligned,2.271,2.277,-0.19835468377938753,-0.11242911272727006,2.5,TREND
2025-06-21 02:00:00,DOTUSDT,30m,aligned,3.4601,3.4385,0.13833182754942874,0.07856558315789859,3.5,TREND
2025-06-21 02:00:00,FILUSDT,15m,aligned,2.289,2.277,0.10697085669785844,0.06075411484290736,2.5,TREND
2025-06-21 03:00:00,FILUSDT,15m,aligned,2.287,2.277,0.0610367640964051,0.03478231213872961,2.5,TREND
2025-06-21 14:00:00,DOTUSDT,30m,aligned,3.4036,3.3337,0.6333361755636948,0.36078644367541945,4.0,TREND
2025-06-21 18:00:00,WIFUSDT,30m,aligned,0.7072,0.701,0.014451698297309926,0.008232558055152798,5.0,TREND
2025-06-22 00:00:00,DOTUSDT,30m,aligned,3.3215,3.3209,-0.06063089590167324,-0.034412024367088574,2.5,TREND
2025-06-22 00:00:00,FILUSDT,15m,aligned,2.189,2.191,-0.07786877695107161,-0.04419565652173897,2.5,TREND
2025-06-22 00:00:00,XRPUSDT,15m,aligned,2.0625,2.0647,-0.12034813258299054,-0.06830548698630041,2.5,TREND
2025-06-22 02:00:00,XRPUSDT,15m,aligned,2.0593,2.0647,-0.16394530103596525,-0.09311335133333501,2.5,TREND
2025-06-22 09:00:00,WIFUSDT,30m,aligned,0.7007,0.7001,-0.5673568936768075,-0.32278695161290283,2.5,TREND
2025-06-22 15:00:00,WIFUSDT,30m,aligned,0.6795,0.6808,-0.4840430092713927,-0.27627888831966996,2.5,TREND
2025-06-26 16:00:00,FILUSDT,15m,aligned,2.21,2.207,-0.03810022030152409,-0.021806841095889356,3.5,TREND
2025-06-27 01:00:00,FILUSDT,15m,aligned,2.181,2.207,-0.47989187941372535,-0.27472829401709103,2.5,TREND
2025-06-27 02:00:00,FILUSDT,15m,aligned,2.211,2.207,-0.043753909194653794,-0.02511722298850274,2.5,TREND
2025-06-30 20:00:00,XRPUSDT,15m,aligned,2.3192,2.225,-1.2536412794347704,-0.7198419304223315,4.0,TREND
2025-07-01 23:00:00,DOTUSDT,30m,aligned,3.2757,3.2938,-0.1544924273546601,-0.08935288785597229,3.5,TREND
2025-07-02 21:00:00,WIFUSDT,30m,aligned,0.9077,0.912,-0.04435998394691494,-0.02567917133620594,4.5,TREND
2025-07-06 01:00:00,DOTUSDT,30m,aligned,3.3546,3.3615,-0.13754231922782123,-0.07964114684904568,2.5,TREND
2025-07-06 06:00:00,WIFUSDT,30m,aligned,0.8345,0.881,3.083610438766115,1.785503350225226,2.5,TREND
2025-07-06 10:00:00,XRPUSDT,15m,aligned,2.2531,2.2639,0.16261818714599616,0.09423588042106064,3.5,TREND
2025-07-07 17:00:00,XRPUSDT,15m,aligned,2.3199,2.3116,-0.23063105571301085,-0.13118104099378913,2.5,TREND
2025-07-07 18:00:00,XRPUSDT,15m,aligned,2.3056,2.3116,-0.008280796958688552,-0.0047162357723598645,2.5,TREND
2025-07-07 19:00:00,XRPUSDT,15m,aligned,2.2936,2.3116,0.18540581088867258,0.10560079707495378,2.5,TREND
2025-07-07 20:00:00,XRPUSDT,15m,standalone,2.2983,2.3116,0.1161450966435219,0.06608248378378506,2.5,TREND
2025-07-08 17:00:00,WIFUSDT,30m,aligned,0.8437,0.8412,-1.2218091953281405,-0.6947074718045197,4.0,TREND
2025-07-08 17:00:00,XRPUSDT,15m,aligned,2.29,2.3107,0.750835646615344,0.42691701437127316,2.5,TREND
2025-07-08 21:00:00,XRPUSDT,15m,aligned,2.2957,2.3107,0.36747599190659275,0.2080546472019476,3.5,TREND
2025-07-09 17:00:00,WIFUSDT,30m,aligned,0.8762,0.9662,3.64925598741996,2.076149183417085,2.5,TREND
2025-07-10 00:00:00,DOTUSDT,30m,aligned,3.6188,3.6213,-0.04549855265307895,-0.02588521694914968,2.5,TREND
2025-07-10 05:00:00,XRPUSDT,15m,aligned,2.4242,2.4208,-0.12126492895033708,-0.06899052411923874,2.5,TREND
2025-07-10 06:00:00,XRPUSDT,15m,aligned,2.419,2.4336,0.09629083615042275,0.054819984831460694,2.5,TREND
2025-07-10 20:00:00,XRPUSDT,15m,aligned,2.4996,2.5661,0.5335395790980839,0.2974864626940414,3.5,TREND
2025-07-10 21:00:00,FILUSDT,15m,aligned,2.527,2.599,0.476478102791684,0.265670609836066,5.0,TREND
2025-07-10 23:00:00,DOTUSDT,30m,aligned,3.8766,3.8544,-0.1276723826758844,-0.07118648174175399,5.0,TREND
2025-07-11 00:00:00,DOTUSDT,30m,aligned,3.8796,3.9024,0.05214246621845897,0.02909386392961964,2.5,TREND
2025-07-11 04:00:00,DOTUSDT,30m,aligned,3.9147,3.9065,-0.08107974271877091,-0.04497342245185425,2.5,TREND
2025-07-11 04:00:00,FILUSDT,15m,aligned,2.611,2.599,-0.1264870640087226,-0.07016001745454531,2.5,TREND
2025-07-11 12:00:00,DOTUSDT,30m,aligned,3.9352,3.9625,0.06698003094106858,0.037195399404626135,2.5,TREND
2025-07-11 14:00:00,FILUSDT,15m,aligned,2.649,2.609,-0.3724289900645597,-0.20681753711790438,2.5,TREND
2025-07-11 15:00:00,DOTUSDT,30m,aligned,4.0605,3.9625,-0.415856683816551,-0.23132621601016592,2.5,TREND
2025-07-11 15:00:00,FILUSDT,15m,aligned,2.648,2.609,-0.3655322376969008,-0.20333252456140333,2.5,TREND
2025-07-11 17:00:00,DOTUSDT,30m,aligned,4.0079,3.9625,-0.2412626103775438,-0.13479165433746518,2.5,TREND
2025-07-13 07:00:00,DOTUSDT,30m,aligned,3.9608,4.0031,1.2741648196364446,0.7128273894737089,3.0,TREND
2025-07-13 21:00:00,WIFUSDT,30m,aligned,1.0174,0.9908,-0.8970777205543994,-0.4983151043165464,2.5,TREND
2025-07-14 02:00:00,XRPUSDT,15m,aligned,2.8549,2.9191,1.0041818743878796,0.5606036531468493,5.0,TREND
2025-07-14 07:00:00,XRPUSDT,15m,aligned,2.926,2.9634,0.1993790125873494,0.11068661716021228,2.5,TREND
2025-07-14 11:00:00,WIFUSDT,30m,aligned,1.0526,1.0175,-1.1002466008329403,-0.6101340594233482,2.5,TREND
2025-07-14 14:00:00,XRPUSDT,15m,aligned,3.0058,2.9634,-0.28181779238148363,-0.15723945774473289,2.5,TREND
2025-07-15 17:00:00,DOTUSDT,30m,standalone,3.9876,4.0963,2.616558891953654,1.4622009531531526,5.0,TREND
2025-07-15 17:00:00,FILUSDT,15m,standalone,2.558,2.611,2.2684788453209705,1.2676847977839585,5.0,TREND
2025-07-16 05:00:00,WIFUSDT,30m,aligned,1.0487,1.0791,0.796127386111136,0.44489662601626245,3.5,TREND
2025-07-16 16:00:00,WIFUSDT,30m,aligned,1.0946,1.1023,-0.034090972207919706,-0.018464705008486952,2.5,TREND
2025-07-17 21:00:00,XRPUSDT,15m,aligned,3.3621,3.5781,0.7872376629531896,0.42647055282199803,3.5,TREND
2025-07-18 06:00:00,XRPUSDT,15m,aligned,3.622,3.5781,-0.14980375497713141,-0.08080861910179614,2.5,TREND
2025-07-18 07:00:00,XRPUSDT,15m,aligned,3.5682,3.5781,-0.0002781944582252588,-0.00015018776328948615,2.5,TREND
2025-07-18 08:00:00,DOTUSDT,30m,aligned,4.4865,4.4235,-0.3433230925048707,-0.18534878487229967,2.5,TREND
2025-07-18 09:00:00,DOTUSDT,30m,aligned,4.439,4.4235,-0.17478825351227106,-0.09453762262872686,2.5,TREND
2025-07-18 09:00:00,FILUSDT,15m,aligned,2.842,2.824,-0.20864134524773298,-0.11284772497824253,2.5,TREND
2025-07-18 09:00:00,XRPUSDT,15m,aligned,3.449,3.5781,0.44545605015412437,0.2409335588686875,2.5,TREND
2025-07-18 10:00:00,DOTUSDT,30m,aligned,4.4516,4.4235,-0.18791793215186908,-0.10149048645128897,2.5,TREND
2025-07-19 16:00:00,WIFUSDT,30m,standalone,1.0653,1.0734,-0.03055417110373493,-0.016537077272728195,3.0,TREND
2025-07-21 22:00:00,WIFUSDT,30m,aligned,1.2276,1.2246,-0.6572736930228695,-0.35580031250000344,2.5,TREND
2025-07-23 05:00:00,WIFUSDT,30m,aligned,1.2695,1.2621,-0.3191054339618433,-0.17335734668645048,2.5,TREND
2025-07-23 07:00:00,WIFUSDT,30m,aligned,1.2801,1.2621,-0.4633985041835199,-0.25218323634735956,3.5,TREND
2025-07-23 09:00:00,WIFUSDT,30m,aligned,1.2962,1.2621,-0.6358304046123469,-0.3468961492566515,2.5,TREND
2025-07-25 14:00:00,DOTUSDT,30m,aligned,4.0376,4.0118,0.0776518153895561,0.04251272767700643,2.5,TREND
2025-07-28 03:00:00,WIFUSDT,30m,aligned,1.136,1.1259,-0.489357667393439,-0.2677991311188815,3.0,TREND
2025-07-28 10:00:00,DOTUSDT,30m,aligned,4.2757,4.2444,-0.458723259719768,-0.25103456747967556,2.5,TREND
2025-07-28 10:00:00,FILUSDT,15m,aligned,2.795,2.774,-0.35080624438149155,-0.19197738933333203,2.5,TREND
2025-07-30 04:00:00,DOTUSDT,30m,aligned,3.8944,3.8855,-0.008685193827710352,-0.004786965729390654,3.5,TREND
2025-07-30 04:00:00,WIFUSDT,30m,aligned,0.9858,0.9681,0.18917515033410676,0.10426652294303804,3.5,TREND
2025-07-30 05:00:00,FILUSDT,15m,aligned,2.54,2.53,0.02017232265669224,0.01111878927203269,2.5,TREND
2025-07-31 05:00:00,DOTUSDT,30m,aligned,3.8802,3.8838,-0.16560707765715582,-0.09117581247636823,3.5,TREND
2025-07-31 05:00:00,FILUSDT,15m,aligned,2.535,2.536,-0.1268218638281972,-0.06982241724137796,2.5,TREND
2025-07-31 06:00:00,DOTUSDT,30m,standalone,3.877,3.8838,-0.1978651422964727,-0.1091113200741195,2.5,TREND
2025-07-31 06:00:00,FILUSDT,15m,aligned,2.531,2.536,-0.1827599748594524,-0.10078168333333178,2.5,TREND
2025-07-31 13:00:00,FILUSDT,15m,aligned,2.501,2.349,3.055520669725108,1.688489079069765,3.0,TREND
2025-07-31 17:00:00,DOTUSDT,30m,aligned,3.8406,3.6577,1.5732860683359728,0.8694021843671212,2.5,TREND
2025-08-01 06:00:00,WIFUSDT,30m,aligned,0.8989,0.9028,-0.23398247448967346,-0.1292993553550652,4.0,TREND
2025-08-01 23:00:00,WIFUSDT,30m,aligned,0.8651,0.8893,-1.0351353465436213,-0.5584560062611792,3.0,TREND
2025-08-02 02:00:00,FILUSDT,15m,aligned,2.319,2.324,-0.09308466901166684,-0.050219222707422635,2.5,TREND
2025-08-02 11:00:00,DOTUSDT,30m,aligned,3.5378,3.4788,0.27190161009983127,0.14758938655462167,2.5,TREND
2025-08-02 12:00:00,XRPUSDT,15m,aligned,2.9392,2.8318,0.9345089962345885,0.5072555820224757,2.5,TREND
2025-08-02 14:00:00,FILUSDT,15m,aligned,2.314,2.26,0.4428592948486178,0.24038596767677026,2.5,TREND
2025-08-05 14:00:00,WIFUSDT,30m,aligned,0.8996,0.8749,0.9884702403009973,0.5317852756797558,3.5,TREND
2025-08-06 01:00:00,WIFUSDT,30m,aligned,0.8612,0.8749,-0.675612884196866,-0.3615490608581446,2.5,TREND
2025-08-08 18:00:00,WIFUSDT,30m,aligned,0.9793,0.9693,-0.7945218798732097,-0.4267251199040735,4.0,TREND
2025-08-09 02:00:00,DOTUSDT,30m,aligned,4.0063,4.0671,0.2731943012947949,0.14735714295921315,5.0,TREND
2025-08-09 02:00:00,FILUSDT,15m,aligned,2.557,2.595,0.31361690367092854,0.1691605230769259,3.5,TREND
2025-08-09 06:00:00,WIFUSDT,30m,aligned,1.0038,1.0013,-0.266818357257106,-0.1439180489056083,3.0,TREND
2025-08-10 05:00:00,DOTUSDT,30m,aligned,4.156,4.1173,-0.3248101343926311,-0.17489612340869284,2.5,TREND
2025-08-11 01:00:00,DOTUSDT,30m,aligned,4.0401,4.1053,1.8996937886209406,1.0246945920000092,2.5,TREND
2025-08-11 02:00:00,FILUSDT,15m,aligned,2.645,2.629,-0.4292193346777229,-0.231520855445543,5.0,TREND
2025-08-11 20:00:00,WIFUSDT,30m,aligned,0.9363,0.9256,0.05999570262064814,0.03210701011845975,2.5,TREND
2025-08-12 03:00:00,WIFUSDT,30m,aligned,0.9234,0.9006,0.6012551536577571,0.32166152489626715,2.5,TREND
2025-08-12 17:00:00,FILUSDT,15m,aligned,2.614,2.631,0.555493970006134,0.29622720245399403,4.0,TREND
2025-08-12 19:00:00,DOTUSDT,30m,aligned,4.1545,4.1547,-0.1482660648184273,-0.0790655596127178,2.5,TREND
2025-08-12 23:00:00,XRPUSDT,15m,aligned,3.2758,3.243,-0.6623546254538302,-0.3532125789384978,2.5,TREND
2025-08-13 01:00:00,WIFUSDT,30m,aligned,0.998,1.0198,0.22592071305310535,0.1206404371704754,2.5,TREND
2025-08-13 21:00:00,WIFUSDT,30m,aligned,1.031,1.0316,-0.47654540491306696,-0.25416603820597783,2.5,TREND
2025-08-15 19:00:00,WIFUSDT,30m,aligned,0.8655,0.8855,-0.6312782857675718,-0.33755093749999876,2.5,TREND
2025-08-15 23:00:00,WIFUSDT,30m,aligned,0.8851,0.8855,-0.26067555931156333,-0.1398579719626148,3.5,TREND
2025-08-16 01:00:00,WIFUSDT,30m,aligned,0.8829,0.8855,-0.3682010063545813,-0.1978243302658477,2.5,TREND
2025-08-18 02:00:00,FILUSDT,15m,aligned,2.512,2.454,3.15031735963397,1.6959343255813946,4.0,TREND
2025-08-18 03:00:00,DOTUSDT,30m,aligned,3.8874,3.878,-0.03540828076759786,-0.019061609326423503,4.0,TREND
2025-08-18 11:00:00,WIFUSDT,30m,aligned,0.865,0.8683,-0.2788985194962592,-0.147665402236652,2.5,TREND
2025-08-19 09:00:00,XRPUSDT,15m,aligned,3.0083,3.0224,-0.32232375831666715,-0.17090967126610865,2.5,TREND
2025-08-19 10:00:00,XRPUSDT,15m,aligned,3.0164,3.0224,-0.20869062471170505,-0.11084603067484852,2.5,TREND
2025-08-19 13:00:00,WIFUSDT,30m,standalone,0.8645,0.8379,1.7555856739113942,0.9335141391509446,2.5,TREND
2025-08-19 16:00:00,XRPUSDT,15m,aligned,2.928,2.9044,0.15775388920609223,0.0838839643478267,2.5,TREND
2025-08-19 18:00:00,DOTUSDT,30m,standalone,3.8,3.7804,0.05596681183938298,0.0297597610596026,4.5,TREND
2025-08-19 18:00:00,FILUSDT,15m,standalone,2.39,2.382,0.012989111858994165,0.006906823036650189,4.5,TREND
2025-08-20 04:00:00,WIFUSDT,30m,standalone,0.8314,0.8379,-0.63507056015499,-0.3344473191624362,2.5,TREND
2025-08-21 17:00:00,XRPUSDT,15m,aligned,2.889,2.8723,0.11064918111834599,0.05841804248985194,2.5,TREND
2025-08-21 18:00:00,WIFUSDT,30m,aligned,0.8416,0.8552,-0.9107391733599401,-0.4808313915094333,2.5,TREND
2025-08-22 00:00:00,FILUSDT,15m,aligned,2.391,2.398,-0.9832494903693441,-0.5191137424242351,3.0,TREND
2025-08-25 17:00:00,WIFUSDT,30m,standalone,0.8054,0.7963,0.056650283393438625,0.030193207679372145,2.5,TREND
2025-08-29 18:00:00,WIFUSDT,30m,aligned,0.7775,0.7964,-0.6070331508891335,-0.3234360831193835,5.0,TREND
2025-08-30 14:00:00,XRPUSDT,15m,aligned,2.7908,2.8175,-0.27564029146240016,-0.14734170865671534,2.5,TREND
2025-08-31 20:00:00,XRPUSDT,15m,aligned,2.7992,2.7769,1.04937150584667,0.5617623612403059,2.5,TREND
2025-09-01 07:00:00,XRPUSDT,15m,aligned,2.7353,2.7769,-0.9405259363493648,-0.5006811841624335,2.5,TREND
2025-09-01 15:00:00,WIFUSDT,30m,aligned,0.7775,0.7698,0.07822357993356413,0.041851215373959555,2.5,TREND
2025-09-02 20:00:00,FILUSDT,15m,aligned,2.233,2.281,-1.2696325919180118,-0.6789952399999939,2.5,TREND
2025-09-02 21:00:00,FILUSDT,15m,aligned,2.264,2.281,-0.8854929184562377,-0.47679605714285356,2.5,TREND
2025-09-04 07:00:00,FILUSDT,15m,standalone,2.257,2.272,-1.2099458476279268,-0.6546198159509086,2.5,TREND
2025-09-04 14:00:00,FILUSDT,15m,standalone,2.27,2.25,1.255239999572868,0.6836004000000209,3.5,TREND
2025-09-04 15:00:00,WIFUSDT,30m,aligned,0.7874,0.7836,-0.11847121227239274,-0.06451911038960935,3.5,TREND
2025-09-04 23:00:00,WIFUSDT,30m,standalone,0.7918,0.7836,0.15316660529515774,0.08290090611353844,3.5,TREND
2025-09-05 00:00:00,WIFUSDT,30m,standalone,0.7829,0.7836,-0.4050617253458829,-0.21905668632075395,2.5,TREND
2025-09-05 01:00:00,XRPUSDT,15m,standalone,2.78,2.8127,-0.8860214575573842,-0.4802108184834142,2.5,TREND
2025-09-05 02:00:00,XRPUSDT,15m,standalone,2.8035,2.8127,-0.5144602141089987,-0.280175429885052,2.5,TREND
2025-09-08 15:00:00,WIFUSDT,30m,aligned,0.8576,0.8951,1.676513487701302,0.9155958145645633,5.0,TREND
2025-09-08 21:00:00,FILUSDT,15m,aligned,2.429,2.414,-0.3295944315334327,-0.1800017024793323,3.5,TREND
2025-09-09 09:00:00,XRPUSDT,15m,aligned,3.0238,2.9612,-0.6476940261300504,-0.35436357983025474,2.5,TREND
2025-09-09 13:00:00,DOTUSDT,30m,aligned,4.1345,4.1158,-0.19200923237092754,-0.10409644693736929,2.5,TREND
2025-09-09 18:00:00,DOTUSDT,30m,aligned,4.0579,4.1158,0.7964615909659654,0.43377071111111853,2.5,TREND
2025-09-09 19:00:00,DOTUSDT,30m,aligned,4.0831,4.1158,0.29580240508714933,0.160404785185192,2.5,TREND
2025-09-11 02:00:00,DOTUSDT,30m,aligned,4.2398,4.1904,-0.47637663820718734,-0.25791108200589474,3.5,TREND
2025-09-11 23:00:00,DOTUSDT,30m,aligned,4.2376,4.2407,-0.07700769801208796,-0.041799898760718684,2.5,TREND
2025-09-12 08:00:00,DOTUSDT,30m,aligned,4.232,4.248,0.042302849628574085,0.022971654980524017,2.5,TREND
2025-09-12 08:00:00,FILUSDT,15m,aligned,2.529,2.527,-0.18171838304921084,-0.0986782695652147,2.5,TREND
2025-09-12 08:00:00,XRPUSDT,15m,aligned,3.0661,3.0373,-0.5641614928360377,-0.3063557958982742,2.5,TREND
2025-09-12 18:00:00,WIFUSDT,30m,aligned,0.9433,0.9565,0.14094226922718783,0.07682921124828572,4.0,TREND
2025-09-13 03:00:00,XRPUSDT,15m,aligned,3.1021,3.0996,-0.15128743489229196,-0.08240516580692434,2.5,TREND
2025-09-13 05:00:00,XRPUSDT,15m,aligned,3.1059,3.1096,-0.07950640108455145,-0.04334227487001786,2.5,TREND
2025-09-13 09:00:00,FILUSDT,15m,aligned,2.582,2.565,-0.3731324282710625,-0.20341014117646947,4.0,TREND
2025-09-13 09:00:00,WIFUSDT,30m,aligned,0.9623,0.9673,-0.06859087582810358,-0.03739176409903652,4.0,TREND
2025-09-13 20:00:00,WIFUSDT,30m,aligned,0.9705,0.9717,-0.5246925205986425,-0.28684696506550306,4.0,TREND
2025-09-18 05:00:00,DOTUSDT,30m,aligned,4.4759,4.5128,0.11944591391954551,0.06548837802316101,3.5,TREND
2025-09-18 05:00:00,XRPUSDT,15m,aligned,3.0982,3.0704,-0.49045489233027295,-0.26890074627306143,2.5,TREND
2025-09-18 07:00:00,XRPUSDT,15m,aligned,3.0707,3.1023,0.38667351045796755,0.21257233925926225,2.5,TREND
2025-09-21 20:00:00,FILUSDT,15m,aligned,2.42,2.263,4.573699066602489,2.507397713333333,3.5,TREND
2025-09-22 06:00:00,XRPUSDT,15m,aligned,2.8456,2.8438,-0.06907712620198418,-0.03786952874692635,4.0,TREND
2025-09-23 02:00:00,WIFUSDT,30m,aligned,0.7807,0.7902,-0.2541054172764796,-0.13594862726098245,4.0,TREND
2025-09-25 16:00:00,DOTUSDT,30m,aligned,3.9318,3.8543,1.0172975117142251,0.5450040180032762,3.5,TREND
2025-09-26 01:00:00,DOTUSDT,30m,aligned,3.8458,3.8543,-0.20783575457029496,-0.11074177713957074,2.5,TREND
2025-09-28 00:00:00,WIFUSDT,30m,aligned,0.7357,0.7296,0.024332440001050337,0.012979504076086397,4.0,TREND
2025-09-28 08:00:00,DOTUSDT,30m,aligned,3.826,3.8284,-0.9315083202839401,-0.49682427878787433,2.5,TREND
2025-09-28 08:00:00,WIFUSDT,30m,aligned,0.7264,0.7266,-0.5218542233663677,-0.2783333680555552,2.5,TREND
2025-09-28 15:00:00,WIFUSDT,30m,aligned,0.7251,0.7266,-0.7043274110688997,-0.37859096502591433,2.5,TREND
2025-10-01 18:00:00,DOTUSDT,30m,standalone,4.0552,4.1012,0.4526182417388307,0.2442165141242987,3.5,TREND
2025-10-02 04:00:00,XRPUSDT,15m,aligned,2.9718,2.979,-0.019825222107041796,-0.010670916226413092,2.5,TREND
2025-10-02 18:00:00,XRPUSDT,15m,aligned,3.0344,3.0252,-0.14744215250041856,-0.07936913680430842,3.5,TREND
2025-10-03 15:00:00,FILUSDT,15m,aligned,2.347,2.335,-0.3131041885846104,-0.16868004363636094,2.5,TREND
2025-10-03 18:00:00,DOTUSDT,30m,aligned,4.2596,4.3076,0.3140708956028586,0.169200842105263,3.5,TREND
2025-10-03 22:00:00,DOTUSDT,30m,aligned,4.3264,4.293,-0.34632955733595994,-0.1862645365014292,2.5,TREND
2025-10-04 00:00:00,DOTUSDT,30m,aligned,4.317,4.293,-0.2850953745328788,-0.153617424797614,2.5,TREND
2025-10-04 01:00:00,DOTUSDT,30m,aligned,4.3174,4.293,-0.25205725879381896,-0.13602451402985047,2.5,TREND
2025-10-05 03:00:00,XRPUSDT,15m,aligned,3.0046,3.0262,1.1914572479243881,0.6449455215686465,3.0,TREND
2025-10-05 12:00:00,FILUSDT,15m,aligned,2.369,2.35,-0.8352655929294042,-0.4492387298245585,2.5,TREND
2025-10-05 14:00:00,DOTUSDT,30m,standalone,4.242,4.2268,-0.798717629170375,-0.43152035215310136,2.5,TREND
2025-10-05 14:00:00,FILUSDT,15m,aligned,2.361,2.35,-0.6929364097290772,-0.3743703063829756,2.5,TREND
2025-10-05 15:00:00,DOTUSDT,30m,aligned,4.2272,4.2268,-0.47273826820098364,-0.2565115337526201,2.5,TREND
2025-10-06 19:00:00,FARTCOINUSDT,30m,aligned,0.7066,0.7308,0.9464505174829466,0.5168204691876759,3.5,TREND
2025-10-07 01:00:00,FILUSDT,15m,standalone,2.41,2.401,-0.24841516488493004,-0.13565003103448217,2.5,TREND
2025-10-08 00:00:00,WIFUSDT,30m,aligned,0.7355,0.7319,-0.05668646662434587,-0.03083677309782635,2.5,TREND
2025-10-08 08:00:00,WIFUSDT,30m,aligned,0.7282,0.7319,-0.2605125622140162,-0.14175949294205104,2.5,TREND
2025-10-08 10:00:00,WIFUSDT,30m,aligned,0.7321,0.7319,-0.16371199997926347,-0.08921134463722392,2.5,TREND
2025-10-08 12:00:00,WIFUSDT,30m,aligned,0.7273,0.7321,-0.2859781364861889,-0.15597680351906107,2.5,TREND
2025-10-08 13:00:00,WIFUSDT,30m,aligned,0.7306,0.7321,-0.6728214548131315,-0.3675402812499944,2.5,TREND
2025-10-08 18:00:00,FILUSDT,15m,aligned,2.408,2.364,-1.3796361021898178,-0.7564301134328368,3.0,TREND
2025-10-09 12:00:00,XRPUSDT,15m,aligned,2.825,2.8171,1.0890810407240825e-05,6.016751558709156e-06,2.5,TREND
2025-10-09 13:00:00,FARTCOINUSDT,30m,aligned,0.6544,0.6372,1.1968084027527321,0.6611903571428581,2.5,TREND
2025-10-09 13:00:00,FILUSDT,15m,aligned,2.292,2.271,0.22414036769627713,0.12382888474576655,3.5,TREND
2025-10-09 18:00:00,FARTCOINUSDT,30m,aligned,0.6361,0.6372,-0.5425156111677321,-0.29775019831730903,2.5,TREND
2025-10-10 20:00:00,FARTCOINUSDT,30m,aligned,0.5872,0.3759,4.540563245169559,2.496370546028882,3.5,TREND
2025-10-11 01:00:00,DOTUSDT,30m,aligned,2.941,3.1845,-0.31315625340828274,-0.1721711613960793,2.5,TREND
2025-10-13 16:00:00,ARCUSDT,15m,aligned,0.0132,0.0132,-0.14330777722817747,-0.07699999999999925,2.5,TREND
2025-10-14 10:00:00,XRPUSDT,15m,aligned,2.4602,2.4972,-2.208546421596993,-1.187577697297294,2.5,TREND
2025-10-14 11:00:00,FARTCOINUSDT,30m,aligned,0.3973,0.4413,-1.1496816008476256,-0.6182058093994781,2.5,TREND
2025-10-14 12:00:00,ARCUSDT,15m,aligned,0.0121,0.01262,-0.6876058023848657,-0.36973880533333175,2.5,TREND
2025-10-16 09:00:00,DOTUSDT,30m,aligned,3.1302,3.1756,-0.316809446394777,-0.17414302556197822,2.5,TREND
2025-10-16 09:00:00,XRPUSDT,15m,aligned,2.3931,2.4147,-0.2041227754110649,-0.11220169758415714,2.5,TREND
2025-10-16 13:00:00,WIFUSDT,30m,aligned,0.553,0.5481,0.020203846590096095,0.011137491573033946,2.5,TREND
2025-10-16 15:00:00,XRPUSDT,15m,aligned,2.404,2.3972,0.0005881469807580697,0.0003241834437096349,5.0,TREND
2025-10-16 17:00:00,XRPUSDT,15m,aligned,2.3971,2.331,0.7791528202022446,0.4294634400000004,2.5,TREND
2025-10-16 19:00:00,WIFUSDT,30m,aligned,0.5273,0.5231,-4.094331966704445e-05,-2.2567663818074086e-05,2.5,TREND
2025-10-17 06:00:00,XRPUSDT,15m,aligned,2.3313,2.2497,0.7083398223712299,0.38876231975181114,5.0,TREND
2025-10-17 10:00:00,ARCUSDT,15m,aligned,0.0109,0.01138,-1.1687908902327162,-0.6389902399999989,2.5,TREND
2025-10-17 13:00:00,DOTUSDT,30m,aligned,2.8889,2.8384,0.17263803824921392,0.09438302643856998,2.5,TREND
2025-10-17 13:00:00,FILUSDT,15m,aligned,1.44,1.413,0.15585343297063697,0.0852067066666665,2.5,TREND
2025-10-17 14:00:00,FILUSDT,15m,aligned,1.451,1.413,0.24047976981149558,0.1312371243243242,2.5,TREND
2025-10-17 15:00:00,FILUSDT,15m,aligned,1.436,1.413,0.12730784619300556,0.06938470510948905,2.5,TREND
2025-10-17 16:00:00,FILUSDT,15m,aligned,1.46,1.413,0.3136343364632923,0.17191127519999988,2.5,TREND
2025-10-17 17:00:00,FILUSDT,15m,aligned,1.452,1.413,0.24784332065376663,0.13561633953488392,2.5,TREND
2025-10-21 05:00:00,FARTCOINUSDT,30m,aligned,0.3505,0.3737,-1.687547655792892,-0.9221514840989397,4.0,TREND
2025-10-22 06:00:00,FARTCOINUSDT,30m,standalone,0.3554,0.3372,0.6300919949441506,0.34751505067567656,4.0,TREND
2025-10-22 06:00:00,WIFUSDT,30m,standalone,0.5138,0.5082,0.07429537867212904,0.04097617886178986,4.0,TREND
2025-10-22 17:00:00,XRPUSDT,15m,aligned,2.3938,2.3797,0.14800583791361982,0.08159632167217024,3.5,TREND
2025-10-22 22:00:00,ARCUSDT,15m,aligned,0.012,0.01199,-0.06111734012143411,-0.033694279999999,3.0,TREND
2025-10-23 00:00:00,WIFUSDT,30m,standalone,0.4909,0.5082,-0.4161227401516992,-0.2294877680495687,2.5,TREND
2025-10-23 03:00:00,DOTUSDT,30m,standalone,2.9286,2.8867,0.33313396012173296,0.18357040108754916,2.5,TREND
2025-10-23 04:00:00,DOTUSDT,30m,aligned,2.9184,2.8867,0.22029496779286875,0.1214470514167987,2.5,TREND
2025-10-23 16:00:00,PIPPINUSDT,15m,aligned,0.0206,0.0215,0.2689064248879125,0.14755444912280716,4.0,TREND
2025-10-25 19:00:00,PIPPINUSDT,15m,aligned,0.0511,0.04892,-0.1857153327663756,-0.10175565228070155,4.0,TREND
2025-10-26 13:00:00,XRPUSDT,15m,aligned,2.6374,2.6317,-0.11613354664831334,-0.06369577340477249,2.5,TREND
2025-10-26 14:00:00,XRPUSDT,15m,aligned,2.641,2.6317,-0.1455038232532639,-0.07985535528961211,2.5,TREND
2025-10-29 03:00:00,ARCUSDT,15m,aligned,0.0139,0.01373,0.07031839998817131,0.03862296117647082,2.5,TREND
2025-10-30 03:00:00,ARCUSDT,15m,aligned,0.0134,0.01278,2.1249514469398822,1.1666964960000061,2.5,TREND
2025-10-30 16:00:00,FARTCOINUSDT,30m,standalone,0.3411,0.3331,0.26535678510548055,0.1456931318681323,3.5,TREND
2025-11-01 02:00:00,ARCUSDT,15m,aligned,0.0168,0.01769,0.3235766495858482,0.1753571575000012,5.0,TREND
2025-11-01 05:00:00,ARCUSDT,15m,aligned,0.018,0.01769,-0.28929995896838573,-0.15650701043478035,2.5,TREND
2025-11-02 18:00:00,DOTUSDT,30m,aligned,2.92,2.9212,-0.560107379185295,-0.30348480517798554,3.5,TREND
2025-11-02 23:00:00,FARTCOINUSDT,30m,standalone,0.3284,0.328,-0.3656310907499597,-0.1987141517857137,2.5,TREND
2025-11-03 00:00:00,ARCUSDT,15m,aligned,0.0192,0.01837,-0.9533769299472595,-0.5191754894117643,3.0,TREND
2025-11-03 00:00:00,FARTCOINUSDT,30m,aligned,0.3388,0.3121,7.136951352911657,3.8865322782258236,2.5,TREND
2025-11-03 06:00:00,FARTCOINUSDT,30m,aligned,0.3049,0.3121,-0.5228349446518642,-0.2754423646723631,2.5,TREND
2025-11-03 07:00:00,FARTCOINUSDT,30m,aligned,0.3078,0.3121,-0.39855220793844043,-0.21054708462732855,2.5,TREND
2025-11-03 08:00:00,ARCUSDT,15m,aligned,0.0211,0.02823,4.939914567603273,2.6151632785185184,2.5,TREND
2025-11-03 14:00:00,XRPUSDT,15m,aligned,2.4102,2.3109,1.677086077854924,0.8878400356321863,2.5,TREND
2025-11-03 15:00:00,FARTCOINUSDT,30m,standalone,0.3083,0.2495,8.904674351133416,4.714085041666662,2.5,TREND
2025-11-04 16:00:00,WIFUSDT,30m,aligned,0.4072,0.4213,-0.36736058278761696,-0.1797115879772964,2.5,TREND
2025-11-04 18:00:00,XRPUSDT,15m,aligned,2.2293,2.2519,-0.181887999941099,-0.08897901090909072,5.0,TREND
2025-11-05 00:00:00,PIPPINUSDT,15m,standalone,0.0311,0.03101,-0.12918703026022185,-0.06319786999999852,2.5,TREND
2025-11-05 05:00:00,DOTUSDT,30m,aligned,2.5636,2.574,-0.08391583230863685,-0.041113914839914535,2.5,TREND
2025-11-05 05:00:00,XRPUSDT,15m,aligned,2.2441,2.2519,-0.10009560281891888,-0.04904106861516977,2.5,TREND
2025-11-05 06:00:00,DOTUSDT,30m,aligned,2.5639,2.574,-0.08251078813874549,-0.04044215163704357,2.5,TREND
2025-11-05 07:00:00,DOTUSDT,30m,aligned,2.5749,2.574,-0.030881961128745732,-0.015142725972154625,2.5,TREND
2025-11-05 09:00:00,DOTUSDT,30m,aligned,2.552,2.574,-0.13536550122201535,-0.06638545802047714,2.5,TREND
2025-11-05 18:00:00,ARCUSDT,15m,aligned,0.0275,0.02677,-0.5461995118389759,-0.2686594306666656,2.5,TREND
2025-11-06 22:00:00,XRPUSDT,15m,aligned,2.214,2.222,-0.2577184266831794,-0.1271055742397093,2.5,TREND
2025-11-07 01:00:00,PIPPINUSDT,15m,aligned,0.0328,0.03538,1.6250500912315367,0.8014674296774202,5.0,TREND
2025-11-07 08:00:00,PIPPINUSDT,15m,aligned,0.0326,0.03538,2.0297971758844744,0.9943811525925969,2.5,TREND
2025-11-07 09:00:00,PIPPINUSDT,15m,aligned,0.0331,0.03538,1.4071009674297497,0.6825402850000035,3.5,TREND
2025-11-07 23:00:00,PIPPINUSDT,15m,aligned,0.0381,0.03814,-0.044683739498064874,-0.02152773677419342,4.0,TREND
2025-11-08 12:00:00,FARTCOINUSDT,30m,standalone,0.2962,0.2886,0.6823258022341392,0.3288017812499992,2.5,TREND
2025-11-08 13:00:00,XRPUSDT,15m,standalone,2.2934,2.2726,0.24387038061438787,0.11751719673735952,2.5,TREND
2025-11-08 19:00:00,ARCUSDT,15m,aligned,0.0281,0.0277,-0.22650408477331846,-0.10866367272727279,4.0,TREND
2025-11-10 14:00:00,PIPPINUSDT,15m,aligned,0.0371,0.03695,-0.16505881207974338,-0.07927189374999946,3.5,TREND
2025-11-11 21:00:00,ARCUSDT,15m,aligned,0.0304,0.0306,0.0745092195482944,0.035812525000000435,2.5,TREND
2025-11-12 11:00:00,ARCUSDT,15m,aligned,0.0312,0.0306,-0.6804005042071389,-0.32691439999999977,2.5,TREND
2025-11-12 13:00:00,ARCUSDT,15m,aligned,0.03,0.0306,0.8220674706282222,0.3962771076923091,2.5,TREND
2025-11-12 14:00:00,ARCUSDT,15m,aligned,0.0296,0.0306,2.007545381585326,0.9639162105263108,2.5,TREND
2025-11-12 15:00:00,ARCUSDT,15m,aligned,0.03,0.0306,1.1774616871491537,0.5599567826086969,2.5,TREND
2025-11-12 17:00:00,WIFUSDT,30m,aligned,0.4531,0.4718,-1.435307770340739,-0.6787778825757583,5.0,TREND
2025-11-13 19:00:00,WIFUSDT,30m,standalone,0.436,0.4397,-0.6548617444109257,-0.31181012445887335,2.5,TREND
2025-11-13 20:00:00,PIPPINUSDT,15m,aligned,0.0336,0.03451,2.479587513896019,1.1806469043478405,3.5,TREND
2025-11-14 01:00:00,XRPUSDT,15m,standalone,2.2957,2.3189,-0.36223076804580556,-0.1704623521839093,2.5,TREND
2025-11-14 04:00:00,ARCUSDT,15m,aligned,0.0316,0.03161,-0.07942806891233255,-0.0373780933333353,2.5,TREND
2025-11-14 04:00:00,DOTUSDT,30m,aligned,2.8522,2.8025,0.2407521301675587,0.11329566127982589,3.5,TREND
2025-11-14 05:00:00,FARTCOINUSDT,30m,aligned,0.2516,0.2562,-0.34905859139740736,-0.16413904084158343,3.0,TREND
2025-11-14 11:00:00,XRPUSDT,15m,standalone,2.2844,2.3077,-0.512361607738536,-0.24248735171288455,2.5,TREND
2025-11-14 17:00:00,WIFUSDT,30m,aligned,0.4332,0.428,0.08466094257238174,0.04016520594965612,3.5,TREND
2025-11-14 20:00:00,XRPUSDT,15m,aligned,2.3111,2.2844,0.31193322143552926,0.14792927503649667,3.5,TREND
2025-11-14 22:00:00,WIFUSDT,30m,aligned,0.419,0.4247,-0.6486696383377064,-0.3076210635593232,2.5,TREND
2025-11-15 05:00:00,FARTCOINUSDT,30m,aligned,0.2513,0.25,-0.17064888823673183,-0.08105691091953782,2.5,TREND
2025-11-16 00:00:00,XRPUSDT,15m,aligned,2.236,2.2555,-0.19243570141219382,-0.09147963036537746,3.5,TREND
2025-11-16 13:00:00,XRPUSDT,15m,aligned,2.2341,2.2297,-0.042017837162953174,-0.019992629621611135,2.5,TREND
2025-11-16 18:00:00,WIFUSDT,30m,aligned,0.4039,0.4164,-1.023670237871706,-0.48707552083333283,2.5,TREND
2025-11-17 03:00:00,ARCUSDT,15m,standalone,0.0301,0.03005,-0.3118160269932394,-0.14912224444443792,2.5,TREND
2025-11-17 14:00:00,PIPPINUSDT,15m,aligned,0.0272,0.02706,0.06685016277494621,0.032018028000000164,3.5,TREND
2025-11-17 15:00:00,WIFUSDT,30m,aligned,0.408,0.3904,1.1749662237061096,0.5627525781249969,2.5,TREND
2025-11-17 16:00:00,ARCUSDT,15m,standalone,0.0313,0.03058,-1.1227737022056667,-0.5377548586666671,2.5,TREND
2025-11-17 18:00:00,ARCUSDT,15m,standalone,0.0304,0.03058,0.2729314876932861,0.131427877777785,2.5,TREND
2025-11-17 19:00:00,ARCUSDT,15m,standalone,0.0302,0.03058,0.7665373963334258,0.36863519000000317,2.5,TREND
2025-11-17 20:00:00,ARCUSDT,15m,standalone,0.0301,0.03058,1.0306107465667698,0.4938102400000083,2.5,TREND
2025-11-17 20:00:00,FARTCOINUSDT,30m,aligned,0.234,0.2406,-0.8211438740710968,-0.39344559027777865,2.5,TREND
2025-11-18 00:00:00,WIFUSDT,30m,aligned,0.3883,0.3904,-0.35114754623428807,-0.16714127804487247,2.5,TREND
2025-11-18 01:00:00,DOTUSDT,30m,aligned,2.6763,2.68,-0.10955367919375789,-0.05223330914179036,2.5,TREND
2025-11-18 01:00:00,XRPUSDT,15m,aligned,2.1514,2.157,-0.20535652296488316,-0.097910456565653,2.5,TREND
2025-11-18 05:00:00,DOTUSDT,30m,aligned,2.7493,2.68,0.9138094409091657,0.4363437603960392,2.5,TREND
2025-11-19 17:00:00,DOTUSDT,30m,aligned,2.6146,2.6204,-0.12137108630610992,-0.05768454446397114,5.0,TREND
2025-11-19 17:00:00,FILUSDT,15m,standalone,1.825,1.868,-0.5224354594559606,-0.24830008865979356,3.0,TREND
2025-11-19 22:00:00,XRPUSDT,15m,aligned,2.0907,2.0683,0.16123753146105313,0.07667626716003945,2.5,TREND
2025-11-20 17:00:00,FILUSDT,15m,aligned,1.788,1.786,-0.01771130426848226,-0.008437076404493836,4.0,TREND
2025-11-20 17:00:00,WIFUSDT,30m,standalone,0.3911,0.3429,4.750980311733489,2.2632090375000007,4.0,TREND
2025-11-21 02:00:00,FILUSDT,15m,aligned,1.842,1.786,0.5566934341845049,0.2652126166666685,2.5,TREND
2025-11-21 08:00:00,DOTUSDT,30m,aligned,2.3999,2.4185,-0.1457858032243246,-0.06926965684613161,4.0,TREND
2025-11-21 08:00:00,FILUSDT,15m,aligned,1.648,1.69,-0.2544793972047724,-0.12091506943005131,3.0,TREND
2025-11-21 08:00:00,XRPUSDT,15m,aligned,1.9185,1.9749,-0.43304040514175823,-0.20575775968063822,2.5,TREND
2025-11-21 17:00:00,PIPPINUSDT,15m,aligned,0.0222,0.0222,-0.06662897767538437,-0.031079999999999337,2.5,TREND
2025-11-22 01:00:00,ARCUSDT,15m,aligned,0.0316,0.03717,3.1705041735399475,1.4793849264864845,3.5,TREND
2025-11-22 01:00:00,XRPUSDT,15m,aligned,1.9428,1.9526,-0.1588448342231598,-0.07411838639455624,2.5,TREND
2025-11-22 12:00:00,FARTCOINUSDT,30m,aligned,0.201,0.2103,-0.9264664413906395,-0.43261797924901124,2.5,TREND
2025-11-23 17:00:00,DOTUSDT,30m,aligned,2.2971,2.3206,-0.2009391364359232,-0.09285649023861155,3.0,TREND
2025-11-27 06:00:00,FARTCOINUSDT,30m,aligned,0.3404,0.3406,-0.11966666507277636,-0.055350860745613524,2.5,TREND
2025-11-27 11:00:00,DOTUSDT,30m,standalone,2.3346,2.3526,-0.8729111612392744,-0.40398169736841644,2.5,TREND
2025-11-28 04:00:00,PIPPINUSDT,15m,aligned,0.0707,0.05942,-1.6666927965988105,-0.7744711156756751,4.0,TREND
2025-11-28 12:00:00,PIPPINUSDT,15m,aligned,0.078,0.06532,-1.2445701056399936,-0.5828349806334837,2.5,TREND
2025-11-29 12:00:00,PIPPINUSDT,15m,aligned,0.0892,0.09107,0.07547462767538239,0.035552148307692516,5.0,TREND
2025-11-29 18:00:00,DOTUSDT,30m,standalone,2.2376,2.2659,-0.6497774562664413,-0.30596738567639276,4.0,TREND
2025-11-30 13:00:00,ARCUSDT,15m,aligned,0.0416,0.044,1.6646624189944192,0.7862624000000006,3.5,TREND
2025-11-30 22:00:00,ARCUSDT,15m,aligned,0.049,0.04997,0.20872441056557886,0.0978167515294124,5.0,TREND
2025-12-01 03:00:00,DOTUSDT,30m,aligned,2.0626,2.0362,0.18316807032260826,0.08584001063564733,3.5,TREND
2025-12-01 03:00:00,PIPPINUSDT,15m,aligned,0.1776,0.14165,-1.2406544505618764,-0.5814211562300318,3.0,TREND
2025-12-01 07:00:00,FARTCOINUSDT,30m,aligned,0.2723,0.2847,-0.46821718182635785,-0.22030190512048287,2.5,TREND
2025-12-01 10:00:00,FARTCOINUSDT,30m,aligned,0.2732,0.2847,-0.44458262653726205,-0.2096434064885498,2.5,TREND
2025-12-01 11:00:00,FARTCOINUSDT,30m,aligned,0.2841,0.2847,-0.11143859060743366,-0.052659381868131655,2.5,TREND
2025-12-01 12:00:00,FARTCOINUSDT,30m,aligned,0.2832,0.2847,-0.14373561400623633,-0.06795685810810892,2.5,TREND
2025-12-01 22:00:00,PIPPINUSDT,15m,aligned,0.1984,0.18162,-0.6078374952937131,-0.28757532744186,2.5,TREND
2025-12-02 00:00:00,DOTUSDT,30m,aligned,2.0388,2.0367,-0.03248608262814285,-0.015369561636827386,2.5,TREND
2025-12-02 22:00:00,FARTCOINUSDT,30m,aligned,0.3548,0.3663,0.3743382076804661,0.1776421262886591,2.5,TREND
2025-12-03 21:00:00,ARCUSDT,15m,aligned,0.0451,0.04683,0.8244750002741553,0.3905606565853654,2.5,TREND
2025-12-03 23:00:00,ARCUSDT,15m,aligned,0.0448,0.04683,1.0605828129514772,0.5004523189473685,2.5,TREND
2025-12-04 07:00:00,FARTCOINUSDT,30m,aligned,0.3746,0.3825,0.2091907522659135,0.09821833921371033,2.5,TREND
2025-12-05 04:00:00,FARTCOINUSDT,30m,aligned,0.3715,0.3641,-1.0022499833760234,-0.4701103522727266,2.5,TREND
2025-12-06 03:00:00,PIPPINUSDT,15m,aligned,0.2035,0.24733,1.9379424051914333,0.9132950429598318,2.5,TREND
2025-12-06 09:00:00,FARTCOINUSDT,30m,aligned,0.3817,0.3739,-1.5208191534562985,-0.7167171688741708,2.5,TREND
2025-12-06 23:00:00,FARTCOINUSDT,30m,aligned,0.3772,0.3803,0.010556834168587104,0.004965363475180292,3.5,TREND
2025-12-07 15:00:00,FILUSDT,15m,aligned,1.429,1.483,-0.935477028114242,-0.43997592121212165,2.5,TREND
2025-12-07 17:00:00,FILUSDT,15m,aligned,1.457,1.483,-0.612989887650673,-0.2895770230769222,2.5,TREND
2025-12-07 18:00:00,FILUSDT,15m,standalone,1.485,1.483,-0.05862130272980143,-0.027773185567009608,2.5,TREND
2025-12-07 19:00:00,FILUSDT,15m,standalone,1.493,1.483,0.18102442114619988,0.08578829411765011,2.5,TREND
2025-12-07 21:00:00,FILUSDT,15m,aligned,1.492,1.46,0.8529547512672182,0.4038726492753665,3.5,TREND
2025-12-11 00:00:00,ARCUSDT,15m,aligned,0.0338,0.03374,-0.024424963457963023,-0.011518658666666726,2.5,TREND
2025-12-11 07:00:00,ARCUSDT,15m,aligned,0.0334,0.03374,-0.36806781249329323,-0.17359845439999935,2.5,TREND
2025-12-11 08:00:00,DOTUSDT,30m,aligned,2.0664,2.0481,0.30350460142001645,0.14314734383562203,3.5,TREND
2025-12-11 08:00:00,FILUSDT,15m,aligned,1.389,1.382,0.04759986044716993,0.02245037985611668,5.0,TREND
2025-12-11 11:00:00,XRPUSDT,15m,standalone,2.0147,2.0054,0.09925495442541936,0.04689481123882852,2.5,TREND
2025-12-11 18:00:00,FILUSDT,15m,standalone,1.364,1.382,-0.364827071514642,-0.17200320629920965,2.5,TREND
2025-12-12 06:00:00,FARTCOINUSDT,30m,standalone,0.3824,0.386,0.024231040167117884,0.011443771739130174,3.5,TREND
2025-12-12 15:00:00,FILUSDT,15m,standalone,1.374,1.326,0.4256462520845579,0.20100008727272764,4.0,TREND
2025-12-12 15:00:00,XRPUSDT,15m,standalone,2.037,2.0015,1.0785561214902875,0.5093193549488025,5.0,TREND
2025-12-12 18:00:00,XRPUSDT,15m,standalone,1.9942,2.0015,-0.2674845052821606,-0.12567234814814737,2.5,TREND
2025-12-12 19:00:00,XRPUSDT,15m,standalone,2.0112,2.0015,0.10090463969952661,0.047467719534889034,2.5,TREND
2025-12-12 20:00:00,PIPPINUSDT,15m,aligned,0.3469,0.34426,-0.14978357842344653,-0.07046142687499803,2.5,TREND
2025-12-12 22:00:00,FILUSDT,15m,standalone,1.321,1.326,-0.10075643455853174,-0.04731414130434741,2.5,TREND
2025-12-13 01:00:00,FILUSDT,15m,standalone,1.339,1.326,0.1188505880008493,0.05583738072289226,2.5,TREND
2025-12-13 14:00:00,ARCUSDT,15m,aligned,0.0304,0.02974,0.9433009074888845,0.442926356923082,2.5,TREND
2025-12-14 05:00:00,PIPPINUSDT,15m,standalone,0.3682,0.33248,-1.1986000291426921,-0.560320096,3.5,TREND
2025-12-14 14:00:00,FILUSDT,15m,aligned,1.315,1.312,-0.016019763080371244,-0.007531097777779183,2.5,TREND
2025-12-14 21:00:00,FILUSDT,15m,aligned,1.301,1.312,-0.2783734712907723,-0.13087682499999967,2.5,TREND
2025-12-15 14:00:00,FILUSDT,15m,aligned,1.324,1.265,4.356619475112048,2.0509416148148345,2.5,TREND
2025-12-15 23:00:00,WIFUSDT,30m,aligned,0.3728,0.3709,-0.08583007132004655,-0.04040574718045149,2.5,TREND
2025-12-16 02:00:00,FARTCOINUSDT,30m,aligned,0.3182,0.3352,-1.0550353881201455,-0.48669140818858553,3.5,TREND
2025-12-16 05:00:00,ARCUSDT,15m,aligned,0.0435,0.04771,1.7018282882801405,0.7850591700000022,2.5,TREND
2025-12-17 05:00:00,XRPUSDT,15m,aligned,1.9176,1.9282,-0.45709975831239663,-0.21031742421052366,3.0,TREND
2025-12-18 05:00:00,FILUSDT,15m,aligned,1.205,1.221,-0.8585124024649313,-0.39584502857142784,2.5,TREND
2025-12-18 07:00:00,FARTCOINUSDT,30m,aligned,0.2885,0.2464,1.2138211749092014,0.5596716789215679,4.0,TREND
2025-12-18 18:00:00,WIFUSDT,30m,aligned,0.3392,0.3483,-0.40123402657823626,-0.18573721199059526,4.0,TREND
2025-12-19 03:00:00,ARCUSDT,15m,aligned,0.0381,0.04682,6.2282467604708325,2.867038495999999,3.5,TREND
2025-12-19 16:00:00,ARCUSDT,15m,aligned,0.0391,0.0413,1.132923022440116,0.5078931581508522,3.5,TREND
2025-12-19 17:00:00,ARCUSDT,15m,aligned,0.0449,0.04402,-0.304327637498905,-0.13574166918918892,4.0,TREND
2025-12-21 02:00:00,DOTUSDT,30m,standalone,1.8101,1.823,-0.521631624590877,-0.23298374559585136,3.0,TREND
2025-12-21 15:00:00,PIPPINUSDT,15m,aligned,0.4432,0.4187,-2.343716129507197,-1.0492518285714285,2.5,TREND
2025-12-21 22:00:00,WIFUSDT,30m,aligned,0.3358,0.3376,-0.6449390874809077,-0.29179264610389805,2.5,TREND
2025-12-23 00:00:00,ARCUSDT,15m,standalone,0.0448,0.04342,-0.8955285649380746,-0.40635366270270074,2.5,TREND
2025-12-23 07:00:00,FARTCOINUSDT,30m,aligned,0.287,0.2794,0.39158280029712345,0.17840897993310978,3.5,TREND
2025-12-23 09:00:00,DOTUSDT,30m,standalone,1.7593,1.7727,-0.5045649917377791,-0.22988477894736692,2.5,TREND
2025-12-23 13:00:00,DOTUSDT,30m,standalone,1.76,1.7726,-0.4857359271800408,-0.22181599292034893,3.0,TREND
2025-12-23 13:00:00,PIPPINUSDT,15m,aligned,0.4304,0.47972,1.237782511902587,0.565245314447059,3.5,TREND
2025-12-23 18:00:00,WIFUSDT,30m,aligned,0.3192,0.3259,-0.8628652433618491,-0.39491170744681164,2.5,TREND
2025-12-24 02:00:00,DOTUSDT,30m,standalone,1.759,1.7501,0.09438881221476121,0.043292763952225595,4.0,TREND
2025-12-24 03:00:00,WIFUSDT,30m,aligned,0.3145,0.3191,-0.6028982268664808,-0.27652780038759744,2.5,TREND
2025-12-24 05:00:00,XRPUSDT,15m,aligned,1.8542,1.8617,-0.43021784258659856,-0.19724010869564823,3.5,TREND
2025-12-24 10:00:00,PIPPINUSDT,15m,standalone,0.4908,0.4833,-0.3560564057892425,-0.1626374862385317,4.0,TREND
2025-12-24 14:00:00,WIFUSDT,30m,aligned,0.3164,0.3191,-1.1093083442618876,-0.5089330218446612,2.5,TREND
2025-12-24 15:00:00,PIPPINUSDT,15m,aligned,0.5137,0.49395,-0.7460370703162769,-0.34402077548366083,2.5,TREND
2025-12-25 10:00:00,DOTUSDT,30m,aligned,1.7297,1.7363,-0.34810166938917547,-0.16107458002812725,4.0,TREND
2025-12-25 20:00:00,ARCUSDT,15m,aligned,0.0432,0.04619,3.2533296470287207,1.5078185242105282,3.5,TREND
2025-12-25 23:00:00,DOTUSDT,30m,aligned,1.7188,1.7343,-0.7411182415682683,-0.34348557770269594,5.0,TREND
2025-12-29 16:00:00,ARCUSDT,15m,aligned,0.0378,0.03848,-0.49068011658955696,-0.2247977919999988,2.5,TREND
2025-12-29 17:00:00,ARCUSDT,15m,aligned,0.0382,0.0367,0.9801336928798179,0.45004535483870844,2.5,TREND
2025-12-29 18:00:00,PUMPFUNUSDT,30m,aligned,0.0018,0.001799,-0.2917454237256226,-0.13395996250000028,2.5,TREND
2025-12-29 18:00:00,WIFUSDT,30m,aligned,0.2923,0.2903,-0.026165348378424436,-0.012014272727272065,3.5,TREND
2025-12-30 14:00:00,WIFUSDT,30m,aligned,0.2862,0.2769,0.41609190576786903,0.19047661824324413,2.5,TREND
2025-12-30 23:00:00,ARCUSDT,15m,aligned,0.035,0.03643,-1.2854832098487923,-0.5884625276923048,2.5,TREND
2025-12-31 23:00:00,WIFUSDT,30m,aligned,0.2707,0.2692,-0.09696855951082378,-0.04456718750000002,2.5,TREND
2026-01-01 01:00:00,WIFUSDT,30m,aligned,0.2701,0.2692,-0.17754342998721576,-0.08163614448051727,2.5,TREND
2026-01-01 05:00:00,XRPUSDT,15m,standalone,1.8299,1.8437,-0.8575826767051469,-0.39464678166666284,2.5,TREND
2026-01-01 17:00:00,FILUSDT,15m,aligned,1.5135,1.4754,-0.4007144094832188,-0.1851334292469351,3.5,TREND
2026-01-02 18:00:00,XPLUSDT,30m,aligned,0.192,0.19387,0.1730684686080849,0.08010739445783202,4.0,TREND
2026-01-02 23:00:00,DOTUSDT,30m,aligned,2.1348,2.1528,0.07793078502741223,0.03607145880938238,3.5,TREND
2026-01-03 21:00:00,FILUSDT,15m,aligned,1.4839,1.4646,-0.24468256012163636,-0.1131236490584255,3.0,TREND
2026-01-03 23:00:00,XPLUSDT,30m,aligned,0.1973,0.18817,-1.8842473335609584,-0.8711406893693668,4.0,TREND
2026-01-04 00:00:00,WIFUSDT,30m,aligned,0.3386,0.4106,6.941959584853334,3.2094637209302297,2.5,TREND
2026-01-04 07:00:00,DOTUSDT,30m,aligned,2.1224,2.1365,0.04869513425466461,0.022736925509919778,2.5,TREND
2026-01-04 07:00:00,XRPUSDT,15m,aligned,2.0669,2.0909,0.16114952465303167,0.07524457615894088,2.5,TREND
2026-01-05 02:00:00,XRPUSDT,15m,aligned,2.1559,2.3212,1.2645736430275045,0.5898817734421394,4.0,TREND
2026-01-05 20:00:00,PUMPFUNUSDT,30m,aligned,0.0024,0.002428,0.18625340001174395,0.08688105000000074,2.5,TREND
2026-01-06 01:00:00,DOTUSDT,30m,aligned,2.2092,2.1993,-0.3348578041297198,-0.15528409623188194,2.5,TREND
2026-01-06 01:00:00,XRPUSDT,15m,aligned,2.3708,2.378,0.0031489154489783774,0.0014602511381690674,2.5,TREND
2026-01-06 06:00:00,DOTUSDT,30m,aligned,2.21,2.1993,-0.4170234530283623,-0.18747804755555533,2.5,TREND
2026-01-06 06:00:00,FARTCOINUSDT,30m,aligned,0.4445,0.4222,-0.7367028619041174,-0.33119387692802116,2.5,TREND
2026-01-06 10:00:00,DOTUSDT,30m,aligned,2.1858,2.2033,0.3814090361110736,0.1717892133131653,2.5,TREND
2026-01-06 12:00:00,XPLUSDT,30m,aligned,0.1974,0.19076,-1.594875361496038,-0.718342665599998,5.0,TREND
2026-01-06 15:00:00,DOTUSDT,30m,aligned,2.2185,2.2033,-0.4556815921576157,-0.20489009655172344,2.5,TREND
2026-01-06 20:00:00,WIFUSDT,30m,aligned,0.4228,0.4601,1.8494016830311695,0.8421082263092257,2.5,TREND
2026-01-07 07:00:00,XRPUSDT,15m,aligned,2.2633,2.2723,0.03047345225507668,0.013759935617861057,2.5,TREND
2026-01-08 01:00:00,ARCUSDT,15m,standalone,0.0324,0.03294,-0.3496729329485526,-0.1578690539999986,2.5,TREND
2026-01-08 03:00:00,XPLUSDT,30m,aligned,0.1758,0.16573,2.9461121697545307,1.3322030594444532,3.0,TREND
2026-01-09 15:00:00,ARCUSDT,15m,aligned,0.0413,0.04232,0.42154150304891475,0.18811091833333346,2.5,TREND
2026-01-10 10:00:00,ARCUSDT,15m,aligned,0.0435,0.04298,-0.7196469315160134,-0.32053610400000065,3.5,TREND
2026-01-10 19:00:00,PUMPFUNUSDT,30m,aligned,0.0024,0.002296,-1.3739197891122714,-0.6139219500000023,2.5,TREND
2026-01-10 22:00:00,XPLUSDT,30m,aligned,0.1609,0.16146,-0.33078566377058916,-0.1487212094117642,3.0,TREND
2026-01-11 09:00:00,ARCUSDT,15m,aligned,0.0467,0.04802,0.6431878867561669,0.2896079336585371,2.5,TREND
2026-01-11 14:00:00,PUMPFUNUSDT,30m,aligned,0.0025,0.002427,-1.0294752275049959,-0.46354136875000096,2.5,TREND
2026-01-11 19:00:00,FARTCOINUSDT,30m,standalone,0.3908,0.381,-0.9592083362826666,-0.4339136952861958,2.5,TREND
2026-01-12 02:00:00,XPLUSDT,30m,aligned,0.1622,0.15852,0.9384492169814355,0.42513072000000557,2.5,TREND
2026-01-13 03:00:00,XPLUSDT,30m,aligned,0.1525,0.15448,-0.6937708769793913,-0.31295750545454754,2.5,TREND
2026-01-14 15:00:00,FARTCOINUSDT,30m,aligned,0.4293,0.415,-0.8276413866981042,-0.37451808527542374,3.0,TREND
2026-01-14 16:00:00,WIFUSDT,30m,aligned,0.4141,0.4124,-0.2276273981880322,-0.10300424639917728,3.5,TREND
2026-01-14 19:00:00,WIFUSDT,30m,aligned,0.4102,0.4124,-0.05364949256125076,-0.02439355145413937,2.5,TREND
2026-01-15 05:00:00,XPLUSDT,30m,standalone,0.1543,0.14417,1.2415705135670656,0.5646596541860477,2.5,TREND
2026-01-15 17:00:00,PIPPINUSDT,15m,aligned,0.3128,0.31456,-0.25782621065100414,-0.1172579868444428,2.5,TREND
2026-01-16 03:00:00,PIPPINUSDT,15m,aligned,0.3165,0.31456,0.2274842397907169,0.10358007607843384,2.5,TREND
2026-01-18 01:00:00,FARTCOINUSDT,30m,aligned,0.3445,0.3424,-0.03977127196519477,-0.01798867013888796,4.0,TREND
2026-01-19 02:00:00,FILUSDT,15m,standalone,1.3622,1.382,-0.3031357688676597,-0.13713392064964963,2.5,TREND
2026-01-19 02:00:00,WIFUSDT,30m,aligned,0.3382,0.3418,-0.2760957878100285,-0.12490145256917026,2.5,TREND
2026-01-19 02:00:00,XRPUSDT,15m,aligned,1.9513,1.9827,-0.7033156082555978,-0.31816907379310233,2.5,TREND
2026-01-19 20:00:00,ARCUSDT,15m,aligned,0.0644,0.06468,0.012190159247125097,0.005546821899441707,2.5,TREND
2026-01-20 05:00:00,ARCUSDT,15m,aligned,0.0658,0.07996,4.792569481431982,2.180615885000003,2.5,TREND
2026-01-20 06:00:00,FARTCOINUSDT,30m,aligned,0.3099,0.3067,0.0713423209502266,0.032460707964603056,3.0,TREND
2026-01-20 07:00:00,XPLUSDT,30m,aligned,0.1279,0.12319,1.1403669120937245,0.5188661766666701,4.5,TREND
2026-01-20 12:00:00,FARTCOINUSDT,30m,aligned,0.3032,0.305,-0.3371704904446552,-0.15336256340579535,2.5,TREND
2026-01-20 17:00:00,FARTCOINUSDT,30m,aligned,0.3055,0.305,-0.186155696533718,-0.08299137286324743,2.5,TREND
2026-01-20 18:00:00,FARTCOINUSDT,30m,aligned,0.303,0.305,-0.38351603583657246,-0.1711199806949793,3.5,TREND
2026-01-20 20:00:00,FARTCOINUSDT,30m,aligned,0.301,0.305,-0.5177847769719466,-0.23025143369175588,2.5,TREND
2026-01-22 10:00:00,PIPPINUSDT,15m,aligned,0.4019,0.38631,-0.28899359572920613,-0.12880787219135775,4.0,TREND
2026-01-22 15:00:00,FILUSDT,15m,aligned,1.3237,1.3327,-0.39201560924451584,-0.17495135625859318,3.0,TREND
2026-01-22 15:00:00,XRPUSDT,15m,aligned,1.9144,1.9281,-0.3743579467786977,-0.1670709761821344,3.0,TREND
2026-01-22 18:00:00,DOTUSDT,30m,aligned,1.9388,1.9582,-0.5578313488663951,-0.2498071131658254,2.5,TREND
2026-01-22 18:00:00,FILUSDT,15m,aligned,1.3309,1.3184,0.3628594101922488,0.16249510166358527,4.5,TREND
2026-01-22 18:00:00,XRPUSDT,15m,aligned,1.9279,1.9281,-0.2803026405782375,-0.12552466547085037,2.5,TREND
2026-01-23 00:00:00,XPLUSDT,30m,aligned,0.1228,0.1225,-0.02852780446491185,-0.012770552941171945,2.5,TREND
2026-01-23 08:00:00,XRPUSDT,15m,standalone,1.913,1.9114,-0.326730688463716,-0.14664684999999533,2.5,TREND
2026-01-25 06:00:00,XRPUSDT,15m,standalone,1.9007,1.8993,-0.13842843151761736,-0.06222221333333177,2.5,TREND
2026-01-25 18:00:00,FARTCOINUSDT,30m,aligned,0.2828,0.2801,0.04052750182589482,0.01822805386178805,3.5,TREND
2026-01-25 20:00:00,ARCUSDT,15m,aligned,0.0518,0.05245,-0.21581499045414312,-0.09706710487804752,3.5,TREND
2026-01-25 20:00:00,PIPPINUSDT,15m,aligned,0.3249,0.32136,0.09329742022858334,0.04196237923566962,4.0,TREND
2026-01-25 20:00:00,PUMPFUNUSDT,30m,aligned,0.0024,0.002403,-0.24692634038631334,-0.11106005625000182,2.5,TREND
2026-01-25 20:00:00,XPLUSDT,30m,standalone,0.1148,0.11974,-0.8941564466062402,-0.40216473099236466,4.0,TREND
2026-01-26 01:00:00,PIPPINUSDT,15m,aligned,0.3105,0.32136,-0.7449670569956902,-0.3355602383999989,2.5,TREND
2026-01-26 02:00:00,XRPUSDT,15m,standalone,1.8831,1.838,2.875312804781607,1.2951453909091006,3.5,TREND
2026-01-26 04:00:00,PIPPINUSDT,15m,aligned,0.3197,0.31564,0.2754391648935927,0.12288859007752129,2.5,TREND
2026-01-28 06:00:00,PUMPFUNUSDT,30m,aligned,0.0031,0.0031662,0.9194536994771219,0.4113544825000039,3.5,TREND
2026-01-28 15:00:00,PUMPFUNUSDT,30m,aligned,0.0032,0.0031766,-1.0473736605649444,-0.4666649594465673,2.5,TREND
2026-01-29 09:00:00,XRPUSDT,15m,aligned,1.8788,1.8736,-0.001787055620020822,-0.0007999688155874023,5.0,TREND
2026-01-29 15:00:00,FARTCOINUSDT,30m,aligned,0.2818,0.2542,2.6326899445557266,1.1785233101851842,5.0,TREND
2026-01-29 20:00:00,XPLUSDT,30m,aligned,0.1264,0.12836,-0.4140137087850896,-0.1853331827199983,2.5,TREND
2026-01-30 00:00:00,PIPPINUSDT,15m,aligned,0.3053,0.24947,1.091156597698995,0.48936306072888913,2.5,TREND
2026-01-30 08:00:00,WIFUSDT,30m,aligned,0.2901,0.2936,-0.3706600106734197,-0.16623399216524248,3.5,TREND
2026-01-30 11:00:00,ARCUSDT,15m,aligned,0.0433,0.04311,0.022863556847708976,0.010150893529411014,3.0,TREND
2026-01-30 12:00:00,WIFUSDT,30m,aligned,0.2942,0.2936,-0.12723688200197592,-0.056490249999999916,2.5,TREND
2026-01-30 14:00:00,WIFUSDT,30m,aligned,0.2904,0.2936,-0.35810624669967095,-0.15908080459770182,2.5,TREND
2026-01-30 18:00:00,WIFUSDT,30m,aligned,0.2915,0.2936,-0.2961390316530618,-0.13176284495549118,2.5,TREND
2026-01-30 19:00:00,WIFUSDT,30m,aligned,0.2936,0.2464,3.21509080462496,1.4253220569620266,3.5,TREND
2026-01-31 01:00:00,PUMPFUNUSDT,30m,standalone,0.0028,0.0027944,-0.6310895953164903,-0.27977621000000347,3.5,TREND
2026-01-31 04:00:00,FILUSDT,15m,aligned,1.1667,1.02,2.6614370385670316,1.1831851621087333,2.5,TREND
2026-01-31 08:00:00,XPLUSDT,30m,aligned,0.1188,0.10364,6.958369104079339,3.0934562633333376,4.0,TREND
2026-01-31 21:00:00,PIPPINUSDT,15m,aligned,0.1903,0.18297,0.2810110151788129,0.11818446062500024,2.5,TREND
2026-02-01 15:00:00,FILUSDT,15m,aligned,1.0576,1.0439,0.18336501697081686,0.07711760200716825,2.5,TREND
2026-02-01 15:00:00,WIFUSDT,30m,aligned,0.2526,0.2464,0.23085547523166744,0.09709060623556577,4.0,TREND
2026-02-01 15:00:00,XRPUSDT,15m,aligned,1.6157,1.6021,0.10994244467581205,0.04623836014234802,4.0,TREND
2026-02-01 18:00:00,WIFUSDT,30m,aligned,0.2466,0.2464,-0.08575268997048414,-0.035943189655172396,2.5,TREND
2026-02-01 18:00:00,XPLUSDT,30m,aligned,0.1019,0.10328,-0.5165850143025899,-0.21652630545454482,2.5,TREND
2026-02-01 19:00:00,WIFUSDT,30m,aligned,0.2511,0.2464,0.14426770125804886,0.0604914648437495,2.5,TREND
2026-02-01 19:00:00,XRPUSDT,15m,aligned,1.6146,1.6021,0.12170621165240507,0.051031429483088496,2.5,TREND
2026-02-01 20:00:00,WIFUSDT,30m,aligned,0.2485,0.2464,0.006065067359790073,0.002540250527425903,2.5,TREND
2026-02-01 23:00:00,XRPUSDT,15m,aligned,1.5996,1.6021,-0.09709645141773013,-0.04066616773442034,2.5,TREND
2026-02-02 02:00:00,XPLUSDT,30m,aligned,0.1043,0.10328,0.6293644519210092,0.26427116231884445,2.5,TREND
2026-02-02 05:00:00,DOTUSDT,30m,aligned,1.4942,1.5098,-0.20437295363352972,-0.08559034675885897,2.5,TREND
2026-02-02 11:00:00,PUMPFUNUSDT,30m,aligned,0.0025,0.0024892,-0.2184583101870134,-0.09156759499999777,2.5,TREND
2026-02-02 11:00:00,XRPUSDT,15m,aligned,1.6108,1.6,0.08704827049562121,0.03648659907407421,2.5,TREND
2026-02-03 05:00:00,FILUSDT,15m,standalone,1.0898,1.0815,0.1525866523213948,0.06399249781022372,2.5,TREND
2026-02-03 10:00:00,FILUSDT,15m,aligned,1.0768,1.0815,-0.19352491800501484,-0.08110947352940988,3.0,TREND
2026-02-03 16:00:00,XRPUSDT,15m,aligned,1.6175,1.621,-0.3099209502751558,-0.1299984045307425,2.5,TREND
2026-02-03 22:00:00,XPLUSDT,30m,aligned,0.0978,0.09646,0.6054590689428534,0.25429441333333597,3.5,TREND
2026-02-04 15:00:00,PUMPFUNUSDT,30m,aligned,0.0023,0.0023677,-2.0616701030365756,-0.8637105387500006,2.5,TREND
2026-02-04 17:00:00,XPLUSDT,30m,aligned,0.0911,0.09346,-1.0965024180801501,-0.4593657796491233,3.5,TREND
2026-02-04 18:00:00,DOTUSDT,30m,aligned,1.4447,1.4714,-0.8126685473096911,-0.3420283408888887,2.5,TREND
2026-02-04 18:00:00,XPLUSDT,30m,aligned,0.0913,0.09346,-0.9578021401908748,-0.40311081066666643,2.5,TREND
2026-02-04 18:00:00,XRPUSDT,15m,aligned,1.5211,1.4434,1.8034689517563542,0.759027152528379,2.5,TREND
2026-02-04 20:00:00,XPLUSDT,30m,aligned,0.0957,0.09346,2.1883326675021797,0.9361027943127844,2.5,TREND
2026-02-04 21:00:00,XPLUSDT,30m,aligned,0.0953,0.09346,1.7374256187432318,0.7363255775700879,2.5,TREND
2026-02-04 22:00:00,XPLUSDT,30m,aligned,0.0946,0.09346,0.9303226186000785,0.3913912750000028,2.5,TREND
2026-02-04 23:00:00,XPLUSDT,30m,aligned,0.0937,0.09346,-0.015015685857467168,-0.006292543999997125,2.5,TREND
2026-02-05 00:00:00,WIFUSDT,30m,standalone,0.2483,0.2517,-1.006645136014021,-0.42187599609374876,2.5,TREND
2026-02-05 16:00:00,DOTUSDT,30m,aligned,1.3277,1.2872,0.3916343226824393,0.1635841749555965,4.0,TREND
2026-02-05 16:00:00,FILUSDT,15m,aligned,0.9538,0.9148,0.6574061033262597,0.2745960422641524,4.0,TREND
2026-02-05 20:00:00,XPLUSDT,30m,aligned,0.0824,0.07862,0.6807959218181993,0.2843658809600003,2.5,TREND
2026-02-05 23:00:00,PUMPFUNUSDT,30m,aligned,0.002,0.0020623,-0.6295932987477053,-0.26183144541666625,3.5,TREND
2026-02-07 06:00:00,XRPUSDT,15m,standalone,1.4585,1.4262,0.4445467649262448,0.1848360557226949,2.5,TREND
2026-02-07 07:00:00,DOTUSDT,30m,aligned,1.3432,1.3358,0.04825250702594291,0.020062688070369015,3.0,TREND
2026-02-07 07:00:00,XPLUSDT,30m,aligned,0.0813,0.08109,-0.010697034429709262,-0.004447670769227993,5.0,TREND
2026-02-08 10:00:00,FILUSDT,15m,aligned,0.9666,0.9585,0.2381210678214101,0.09880920000000132,2.5,TREND
2026-02-09 04:00:00,PIPPINUSDT,15m,aligned,0.2705,0.27194,0.019852076602821466,0.008229559564691858,2.5,TREND
2026-02-09 05:00:00,PIPPINUSDT,15m,aligned,0.2718,0.27194,-0.017841952463031528,-0.007395665999999463,2.5,TREND
2026-02-09 18:00:00,PUMPFUNUSDT,30m,aligned,0.0021,0.0020348,1.1738548401232511,0.4866104450000001,2.5,TREND
2026-02-09 20:00:00,PUMPFUNUSDT,30m,aligned,0.0021,0.0020348,1.179566940384429,0.4866104450000001,2.5,TREND
2026-02-10 01:00:00,PIPPINUSDT,15m,aligned,0.2813,0.37398,6.422972198740499,2.636857617011495,2.5,TREND
2026-02-10 03:00:00,PUMPFUNUSDT,30m,aligned,0.002,0.0020146,-0.7467919437332892,-0.3065845475000011,2.5,TREND
2026-02-10 05:00:00,PUMPFUNUSDT,30m,aligned,0.002,0.001982,0.05031757891899552,0.020720674999999612,2.5,TREND
2026-02-10 12:00:00,XRPUSDT,15m,standalone,1.4068,1.4196,-0.9876748318207121,-0.40672245436893123,3.0,TREND
2026-02-10 15:00:00,WIFUSDT,30m,aligned,0.2157,0.21776,-0.6304376361277609,-0.25292318166666705,2.5,TREND
2026-02-10 17:00:00,PUMPFUNUSDT,30m,aligned,0.002,0.0019222,23.135583049008783,0.0,2.5,TREND
2026-02-10 18:00:00,XPLUSDT,30m,standalone,0.0817,0.08176,-0.4688017084097407,-0.18878694379084418,4.5,TREND
2026-02-11 04:00:00,PIPPINUSDT,15m,aligned,0.395,0.42747,0.6752208172521532,0.2497492423285488,2.5,TREND
2026-02-11 05:00:00,PUMPFUNUSDT,30m,aligned,0.0019,0.0018631,0.5906743749505401,0.2184773837499989,3.5,TREND
2026-02-11 11:00:00,PIPPINUSDT,15m,aligned,0.4281,0.49,2.7657718033312513,1.0204492383838404,2.5,TREND
2026-02-11 13:00:00,WIFUSDT,30m,aligned,0.2103,0.20903,-0.06787556117090733,-0.024988664877300604,2.5,TREND
2026-02-11 15:00:00,FILUSDT,15m,aligned,0.8651,0.8784,-0.4724452728432952,-0.17393265546961129,4.0,TREND
2026-02-11 23:00:00,FARTCOINUSDT,30m,aligned,0.1689,0.17348,-0.9543377289219465,-0.3520436198224848,4.0,TREND
2026-02-12 14:00:00,PIPPINUSDT,15m,aligned,0.5414,0.5125,-0.9987181091962852,-0.3659695368674694,3.5,TREND
2026-02-12 16:00:00,ARCUSDT,15m,aligned,0.075,0.07325,-0.5913930234370349,-0.21750563333333345,3.5,TREND
2026-02-12 18:00:00,DOTUSDT,30m,aligned,1.2563,1.267,-0.5367294278112409,-0.1974011689320359,2.5,TREND
2026-02-12 21:00:00,ARCUSDT,15m,aligned,0.0757,0.07325,-0.7435839975918197,-0.27407535876288636,2.5,TREND
2026-02-12 22:00:00,ARCUSDT,15m,aligned,0.074,0.0743,0.031243282118123855,0.011547515000002619,2.5,TREND
2026-02-14 11:00:00,PIPPINUSDT,15m,aligned,0.628,0.70926,1.5683449916478382,0.5807451975420629,2.5,TREND
2026-02-18 21:00:00,PUMPFUNUSDT,30m,standalone,0.002,0.0020149,-0.4204718757758326,-0.15479827937499965,3.5,TREND
2026-02-19 08:00:00,WIFUSDT,30m,aligned,0.2224,0.21699,0.5976518082550861,0.22002772816265023,4.5,TREND
2026-02-19 10:00:00,FARTCOINUSDT,30m,aligned,0.1842,0.18196,0.1493687711313899,0.0549906666666676,2.5,TREND
2026-02-19 14:00:00,XPLUSDT,30m,aligned,0.0892,0.09137,-1.5280829447049327,-0.5634415972093022,3.0,TREND
2026-02-22 05:00:00,XRPUSDT,15m,aligned,1.4221,1.3909,4.88228628828007,1.8054180450330963,2.5,TREND
2026-02-22 13:00:00,PUMPFUNUSDT,30m,aligned,0.0021,0.0020336,19.264185021613645,0.0,5.0,TREND
2026-02-22 19:00:00,FARTCOINUSDT,30m,aligned,0.175,0.15871,3.159572543953717,1.1683766474609363,2.5,TREND
2026-02-23 01:00:00,ARCUSDT,15m,aligned,0.0908,0.0931,0.2993395696338187,0.10161895124378155,2.5,TREND
2026-02-23 07:00:00,PIPPINUSDT,15m,aligned,0.6669,0.71216,0.7151025925095879,0.24018477884700715,2.5,TREND
2026-02-23 17:00:00,PUMPFUNUSDT,30m,aligned,0.0019,0.0018316,25.163349735084964,0.0,3.0,TREND
2026-02-23 22:00:00,FARTCOINUSDT,30m,aligned,0.1484,0.14131,0.6910642673513632,0.21335203552158336,3.5,TREND
2026-02-23 23:00:00,PUMPFUNUSDT,30m,aligned,0.0018,0.0017589,0.43508217225881773,0.13432277062500014,4.0,TREND
2026-02-24 05:00:00,WIFUSDT,30m,aligned,0.1988,0.19902,-0.3046321366216925,-0.0938487474093273,2.5,TREND
2026-02-24 06:00:00,PIPPINUSDT,15m,aligned,0.7332,0.73274,-0.06761985330149563,-0.020831809154228074,2.5,TREND
2026-02-24 12:00:00,WIFUSDT,30m,aligned,0.1977,0.19902,-0.6376721047620051,-0.19641114527027106,2.5,TREND
2026-02-24 13:00:00,PIPPINUSDT,15m,aligned,0.7208,0.80119,5.175757487507682,1.5941993513139103,2.5,TREND
2026-02-24 21:00:00,ARCUSDT,15m,aligned,0.103,0.10651,0.7498450132889615,0.23141636000000051,3.0,TREND
2026-02-24 21:00:00,DOTUSDT,30m,aligned,1.2433,1.2559,-0.4318235409526427,-0.13326891589403975,3.5,TREND
