direction,entry,tp,sl,rr,regime,adx,atr,plus_di,minus_di,confidence,bos,fvg,liquidity_sweep,bos_strength,range,volume,fvg_size,signal_type,has_fvg,nearest_level,last_swing_low,last_swing_high,timestamp,position_size,risk_amount,symbol,bars_alive,max_r,initial_risk,exit_time,exit_price,pnl,exit_reason,ema_position
SHORT,11.085,10.881,11.1031,-1.0,RANGE,19.6061,0.0603,28.3175,12.5592,4,BULLISH_BOS,False,SWEEP_HIGH,,0.11999999999999922,,,SWEEP,False,11.1031,,,2023-04-10 16:00:00,5.0,1.8000000000000003,ATOMUSDT,1,0.0,0.018099999999998673,2023-04-10 17:00:00,11.1031,-0.09049999999999336,stop_loss,
SHORT,11.016,,11.337,-1.0,TREND,31.3341,0.1018,6.9474,36.8421,4,BEARISH_BOS,True,,,0.26699999999999946,,,BOS,True,,,11.337,2023-04-12 02:00:00,4.995475000000001,1.7983710000000004,ATOMUSDT,12,0.0,0.32099999999999973,2023-04-12 14:00:00,11.337,-1.603547474999999,stop_loss,BELOW
LONG,11.698,,12.06,0.900497512437809,TREND,30.1602,0.0808,43.2361,8.6649,4,BULLISH_BOS,True,,,0.2110000000000003,,,BOS,True,,11.296,,2023-04-13 12:00:00,4.401759068283572,1.7695071454500004,ATOMUSDT,28,1.6890547263681557,0.402000000000001,2023-04-14 16:00:00,12.06,1.5934367827186535,stop_loss,ABOVE
SHORT,10.798,,10.889,-0.33211678832116637,TREND,38.7085,0.0744,2.0173,43.2277,4,BEARISH_BOS,True,,,0.11500000000000021,,,BOS,True,,,11.072,2023-05-06 14:00:00,4.994969465385934,1.7981890075389362,ATOMUSDT,20,0.06934306569343135,0.27399999999999913,2023-05-07 10:00:00,10.889,-0.45454222135011646,stop_loss,BELOW
LONG,10.948,,10.807,-0.18825100133511335,TREND,30.1266,0.1099,51.4304,14.4993,4,BULLISH_BOS,True,,,0.41999999999999993,,,BOS,True,,10.199,,2023-05-10 13:00:00,2.38986281382461,1.7900072475546343,ATOMUSDT,14,0.10280373831775688,0.7490000000000006,2023-05-11 03:00:00,10.807,-0.33697065674927,stop_loss,ABOVE
SHORT,10.868,10.677,10.8922,-1.0,RANGE,20.2667,0.0806,23.1383,21.0993,3,,False,SWEEP_HIGH,,0.20000000000000107,,,SWEEP,False,10.8922,,,2023-05-16 21:00:00,4.955393821480964,1.5857260228739085,ATOMUSDT,1,0.6198347107438138,0.024200000000000443,2023-05-16 22:00:00,10.8922,-0.11992053047984153,stop_loss,
LONG,10.957,,10.874,-0.8645833333333345,TREND,30.1841,0.0664,32.1505,10.1075,3,BULLISH_BOS,True,,,0.0389999999999997,,,BOS,True,,10.861,,2023-05-18 04:00:00,4.9493977949569725,1.583807294386231,ATOMUSDT,10,0.27083333333333104,0.09600000000000009,2023-05-18 14:00:00,10.874,-0.41080001698142965,stop_loss,ABOVE
LONG,10.879,,10.815,-0.5378151260504217,TREND,37.8546,0.0416,37.7358,6.0034,3,BULLISH_BOS,True,,,0.045999999999999375,,,BOS,True,,10.76,,2023-05-30 11:00:00,4.928857794107901,1.5772344941145282,ATOMUSDT,15,0.0,0.11899999999999977,2023-05-31 02:00:00,10.815,-0.31544689882290594,stop_loss,ABOVE
LONG,10.608,,10.592,-0.044198895027624335,TREND,33.6932,0.0736,31.4563,20.9709,4,BULLISH_BOS,True,,,0.16500000000000092,,,BOS,True,,10.246,,2023-06-02 05:00:00,4.88594133066307,1.768710761700032,ATOMUSDT,19,0.10220994475137851,0.3620000000000001,2023-06-03 00:00:00,10.592,-0.0781750612906092,stop_loss,ABOVE
LONG,10.694,,10.725,0.4626865671641601,TREND,37.8069,0.0433,35.1485,12.5413,4,BULLISH_BOS,True,,,0.014000000000001123,,,BOS,True,,10.627,,2023-06-03 23:00:00,4.909176696102225,1.767303610596801,ATOMUSDT,25,2.089552238805947,0.06700000000000017,2023-06-05 00:00:00,10.725,0.15218447757916312,stop_loss,ABOVE
SHORT,10.18,9.8,10.3836,1.8664047151276986,RANGE,21.5526,0.0822,29.192,15.5517,5,BULLISH_BOS,False,SWEEP_HIGH,,0.10400000000000098,,,SWEEP,False,10.3836,,,2023-06-06 20:00:00,4.916785919981184,1.9667143679924732,ATOMUSDT,18,2.337917485265224,0.20359999999999978,2023-06-07 14:00:00,9.8,1.868378649592845,take_profit,
SHORT,8.305,,8.622,-1.0,TREND,30.0584,0.0559,9.5785,44.4444,4,BEARISH_BOS,True,,,0.10299999999999976,,,BOS,True,,,8.622,2023-06-20 14:00:00,5.010204852460825,1.8036737468858972,ATOMUSDT,4,0.0,0.31700000000000017,2023-06-20 18:00:00,8.622,-1.5882349382300824,stop_loss,BELOW
LONG,9.363,,9.219,-1.0,TREND,32.8663,0.0773,21.2569,15.9889,4,BULLISH_BOS,True,,,0.0730000000000004,,,BOS,True,,9.219,,2023-06-27 07:00:00,4.930793105549321,1.7750855179977556,ATOMUSDT,8,0.16666666666667285,0.14400000000000013,2023-06-27 15:00:00,9.219,-0.7100342071991028,stop_loss,ABOVE
LONG,9.403,,9.126,-1.0,TREND,39.6208,0.0687,37.7339,6.8607,4,BULLISH_BOS,True,,,0.09399999999999942,,,BOS,True,,9.126,,2023-06-29 11:00:00,4.895291395189366,1.7623049022681718,ATOMUSDT,8,0.0,0.277000000000001,2023-06-29 19:00:00,9.126,-1.3559957164674594,stop_loss,ABOVE
LONG,9.756,,9.825,0.16870415647921502,TREND,31.6232,0.0783,29.0146,18.1569,4,BULLISH_BOS,True,,,0.07699999999999996,,,BOS,True,,9.347,,2023-07-03 03:00:00,4.249136868879596,1.7378969793717576,ATOMUSDT,22,0.6821515892420524,0.4090000000000007,2023-07-04 01:00:00,9.825,0.2931904439526881,stop_loss,ABOVE
LONG,9.838,,9.687,-0.7224880382775123,TREND,35.5495,0.1051,26.8525,7.274,3,BULLISH_BOS,True,,,0.07200000000000095,,,BOS,True,,9.629,,2023-07-15 08:00:00,4.842151131563627,1.5494883621003606,ATOMUSDT,8,0.2966507177033554,0.20899999999999963,2023-07-15 16:00:00,9.687,-0.7311648208661067,stop_loss,ABOVE
SHORT,8.916,,9.024,-0.2983425414364606,TREND,39.3479,0.0827,9.7582,52.7634,4,BEARISH_BOS,True,,,0.375,,,BOS,True,,,9.278,2023-07-24 09:00:00,4.77904265355612,1.7300134405873158,ATOMUSDT,17,0.0,0.3620000000000001,2023-07-25 02:00:00,9.024,-0.516136606584055,stop_loss,BELOW
SHORT,8.824,,8.822,0.006825938566555156,TREND,35.1411,0.0559,8.4291,32.6948,4,BEARISH_BOS,True,,,0.11000000000000121,,,BOS,True,,,9.117,2023-07-31 19:00:00,4.779786060191118,1.7207229816688028,ATOMUSDT,23,0.45051194539248873,0.29300000000000104,2023-08-01 18:00:00,8.822,0.00955957212038543,stop_loss,BELOW
SHORT,8.499,,8.448,0.31288343558282256,TREND,34.7676,0.0589,14.1818,33.0909,4,BEARISH_BOS,True,,,0.19200000000000017,,,BOS,True,,,8.662,2023-08-04 18:00:00,4.780264038797138,1.7208950539669696,ATOMUSDT,20,0.7116564417177991,0.16300000000000026,2023-08-05 14:00:00,8.448,0.24379346597865478,stop_loss,BELOW
SHORT,8.45,8.383,8.4566,-1.0,RANGE,17.0534,0.022,33.1169,11.039,4,,False,SWEEP_HIGH,,0.05500000000000149,,,SWEEP,False,8.4566,,,2023-08-13 20:00:00,4.79245371209607,1.7252833363545854,ATOMUSDT,1,2.5757575757572577,0.006600000000000605,2023-08-13 21:00:00,8.4566,-0.031630194499836964,stop_loss,
LONG,8.55,,8.493,-0.40425531914893886,TREND,39.8096,0.0318,42.0225,16.4045,4,BULLISH_BOS,True,,,0.08200000000000074,,,BOS,True,,8.409,,2023-08-14 14:00:00,4.790872202371078,1.7247139928535882,ATOMUSDT,14,0.0,0.14100000000000001,2023-08-15 04:00:00,8.493,-0.2730797155351533,stop_loss,ABOVE
SHORT,8.027,,7.957,0.14198782961460316,TREND,32.5504,0.0854,4.097,64.4649,4,BEARISH_BOS,True,,,0.6279999999999992,,,BOS,True,,,8.52,2023-08-15 19:00:00,3.4884352088721187,1.7197985579739556,ATOMUSDT,23,0.2799188640973609,0.4930000000000003,2023-08-16 18:00:00,7.957,0.2441904646210462,stop_loss,BELOW
SHORT,6.666,,6.689,-0.07540983606557282,TREND,37.3442,0.0516,8.8643,43.0748,4,BEARISH_BOS,True,,,0.13699999999999957,,,BOS,True,,,6.971,2023-09-01 17:00:00,4.789427739825373,1.7241939863371345,ATOMUSDT,12,0.06229508196721359,0.3049999999999997,2023-09-02 05:00:00,6.689,-0.11015683801598208,stop_loss,BELOW
LONG,6.928,,6.907,-0.08860759493670843,TREND,34.4966,0.0609,27.23,10.2113,4,BULLISH_BOS,True,,,0.036000000000000476,,,BOS,True,,6.691,,2023-09-07 01:00:00,4.783919897924574,1.7222111632528467,ATOMUSDT,32,0.223628691983122,0.2370000000000001,2023-09-08 09:00:00,6.907,-0.10046231785641561,stop_loss,ABOVE
SHORT,6.784,,6.42,4.089887640449418,TREND,32.3441,0.0277,12.6289,38.6598,4,BEARISH_BOS,True,,,0.041999999999999815,,,BOS,True,,,6.873,2023-09-10 01:00:00,4.778896782031754,1.7204028415314314,ATOMUSDT,50,5.2921348314606504,0.08900000000000041,2023-09-12 03:00:00,6.42,1.7395184286595577,stop_loss,BELOW
LONG,7.07,,7.037,-0.11262798634812404,TREND,31.8758,0.0572,41.3233,7.8652,4,BULLISH_BOS,True,,,0.1459999999999999,,,BOS,True,,6.777,,2023-09-16 02:00:00,4.865872703464731,1.7517141732473032,ATOMUSDT,17,0.2798634812286683,0.29300000000000015,2023-09-16 19:00:00,7.037,-0.1605737992143379,stop_loss,ABOVE
LONG,7.091,,7.072,-0.11656441717791471,TREND,33.0945,0.0409,38.7435,4.014,4,BULLISH_BOS,True,,,0.06200000000000028,,,BOS,True,,6.928,,2023-09-28 10:00:00,4.857844013504014,1.7488238448614453,ATOMUSDT,15,0.3926380368098157,0.16300000000000026,2023-09-29 01:00:00,7.072,-0.09229903625657689,stop_loss,ABOVE
LONG,2.161,,2.1739,0.24855491329480106,TREND,32.7538,0.0224,25.717,17.9414,4,BULLISH_BOS,True,,,0.02069999999999972,,,BOS,True,,2.1091,,2023-10-22 06:00:00,4.853229061691185,1.7471624622088269,TONUSDT,24,1.3603082851637764,0.051899999999999835,2023-10-23 06:00:00,2.1739,0.06260665489581693,stop_loss,ABOVE
SHORT,2.0841,,2.0721,0.3269754768392358,TREND,31.3309,0.0161,14.9578,33.2446,3,BEARISH_BOS,True,,,0.025700000000000056,,,BOS,True,,,2.1208,2023-10-27 11:00:00,4.856359394435977,1.5540350062195123,TONUSDT,18,1.283378746593997,0.03670000000000018,2023-10-28 05:00:00,2.0721,0.05827631273323177,stop_loss,BELOW
LONG,551.55,,565.3,0.5753138075313813,TREND,37.3686,4.3464,37.4692,6.2449,4,BULLISH_BOS,True,,,8.5,,,BOS,True,,530.25,,2024-08-19 17:30:00,0.07319407345716114,1.7493383556261497,BNBUSDT,21,0.924686192468621,23.899999999999977,2024-08-20 14:00:00,565.3,1.0064185100359657,stop_loss,ABOVE
SHORT,563.5,,555.3,0.9111111111111162,TREND,33.6379,4.0321,7.9717,29.8494,4,BEARISH_BOS,True,,,5.149999999999977,,,BOS,True,,,572.5,2024-08-26 06:45:00,0.19638376542297747,1.7674538888067972,BNBUSDT,22,1.7277777777777727,9.0,2024-08-27 04:00:00,555.3,1.6103468764684241,stop_loss,BELOW
SHORT,527.85,,516.1,1.5359477124182823,TREND,31.4253,2.6107,7.1135,35.5677,3,BEARISH_BOS,True,,,4.25,,,BOS,True,,,534.2,2024-09-01 01:30:00,0.208736689334287,1.5968356734073144,BNBUSDT,32,3.261437908496699,7.650000000000091,2024-09-02 09:00:00,516.1,2.4526560996778723,stop_loss,BELOW
LONG,522.1,,540.3,1.2771929824561357,TREND,37.6312,4.9607,29.4456,15.6947,4,BULLISH_BOS,True,,,6.850000000000023,,,BOS,True,,508.15,,2024-09-11 16:30:00,0.1291640661317495,1.8405879423774303,BNBUSDT,23,1.5999999999999968,14.25,2024-09-12 15:00:00,540.3,2.350786003597832,stop_loss,ABOVE
LONG,552.5,555.3000000000001,551.2946000000001,-1.0,RANGE,16.1772,4.0179,18.6667,25.6,4,BEARISH_BOS,False,SWEEP_LOW,,9.200000000000045,,,SWEEP,False,551.6946,,,2024-09-15 23:30:00,1.562055824159851,1.8829020904421914,BNBUSDT,1,0.0,1.2053999999999405,2024-09-16 00:00:00,551.2946000000001,-1.8829020904421916,stop_loss,
LONG,550.55,,568.6,1.5973451327433752,TREND,34.21,5.1214,23.6402,16.7364,4,BULLISH_BOS,True,,,5.350000000000023,,,BOS,True,,540.7,,2024-09-18 22:30:00,0.16362919051453448,1.849009852814232,BNBUSDT,37,2.2035398230088665,11.299999999999955,2024-09-20 11:00:00,568.6,2.9535068887873583,stop_loss,ABOVE
LONG,575.6,,583.05,0.6478260869565158,TREND,39.1174,3.2429,38.6564,10.022,3,BULLISH_BOS,True,,,6.0,,,BOS,True,,565.65,,2024-09-21 06:15:00,0.14702786294202158,1.6908204238332483,BNBUSDT,20,1.117391304347828,11.5,2024-09-22 02:00:00,583.05,1.0953575789180507,stop_loss,ABOVE
SHORT,576.8,,575.35,0.0559845559845534,TREND,32.251,4.2893,6.6611,44.1299,4,BEARISH_BOS,True,,,8.549999999999955,,,BOS,True,,,601.0,2024-09-30 02:30:00,0.07420422444914791,1.9218894132329294,BNBUSDT,25,0.37837837837837696,25.899999999999977,2024-10-01 03:00:00,575.35,0.1075961254512594,stop_loss,BELOW
LONG,573.55,,571.05,-0.20576131687242838,TREND,33.6773,3.375,31.8519,4.6561,4,BULLISH_BOS,True,,,8.5,,,BOS,True,,563.1,,2024-10-07 00:30:00,0.15833960028732968,1.9238261434910522,BNBUSDT,9,0.25514403292181304,12.149999999999977,2024-10-07 09:00:00,571.05,-0.3958490007183242,stop_loss,ABOVE
LONG,568.5,576.25,565.5,-1.0,RANGE,14.5574,5.0714,17.6056,26.0563,4,,False,SWEEP_LOW,,6.7000000000000455,,,SWEEP,False,566.5,,,2024-10-08 00:30:00,0.6389002871593742,1.9167008614781225,BNBUSDT,5,0.5333333333333409,3.0,2024-10-08 05:00:00,565.5,-1.9167008614781227,stop_loss,
LONG,586.9,,587.0,0.011363636363638858,TREND,34.0535,3.9536,34.598,15.8988,4,BULLISH_BOS,True,,,3.3500000000000227,,,BOS,True,,579.15,,2024-10-14 15:30:00,0.21388639158767064,1.8822002459715161,BNBUSDT,12,0.5284090909090843,8.800000000000068,2024-10-15 03:00:00,587.0,0.021388639158771927,stop_loss,ABOVE
SHORT,590.95,,599.6,-0.7654867256637102,TREND,37.2123,3.2464,7.3707,36.1936,4,BEARISH_BOS,True,,,7.0,,,BOS,True,,,599.6,2024-10-22 08:30:00,0.16660046384746574,1.8825852414763742,BNBUSDT,4,0.10176991150443221,11.300000000000068,2024-10-22 12:00:00,599.6,-1.4410940122805749,stop_loss,BELOW
SHORT,581.05,,586.0,-0.30368098159509355,TREND,39.3947,2.6643,3.8874,39.6783,3,BEARISH_BOS,True,,,4.899999999999977,,,BOS,True,,,596.6,2024-10-23 08:30:00,0.10124856437656801,1.6503515993380655,BNBUSDT,16,0.36503067484662005,16.300000000000068,2024-10-24 00:00:00,586.0,-0.5011803936640162,stop_loss,BELOW
LONG,593.45,,592.3,-0.05476190476190909,TREND,31.221,3.7,32.4324,11.0039,4,BULLISH_BOS,True,,,2.0,,,BOS,True,,572.45,,2024-10-24 05:45:00,0.08798210962711292,1.8476243021693715,BNBUSDT,23,0.14285714285714285,21.0,2024-10-25 04:00:00,592.3,-0.10117942607118786,stop_loss,ABOVE
LONG,596.8,,604.0,0.750000000000003,TREND,34.2223,3.2571,29.8246,12.8289,4,BULLISH_BOS,True,,,2.699999999999932,,,BOS,True,,588.3,,2024-10-28 20:15:00,0.1922711533854256,1.8458030725000902,BNBUSDT,23,1.4270833333333346,9.600000000000023,2024-10-29 19:00:00,604.0,1.3843523043750732,stop_loss,ABOVE
LONG,643.2,,660.5,0.5986159169550161,TREND,32.9642,6.7179,36.9484,12.5997,4,BULLISH_BOS,True,,,17.200000000000045,,,BOS,True,,618.7,,2024-11-23 01:30:00,0.06473084477435442,1.8707214139788415,BNBUSDT,15,1.1349480968858126,28.899999999999977,2024-11-23 16:00:00,660.5,1.1198436145963286,stop_loss,ABOVE
LONG,649.15,,646.15,-0.11538461538461539,TREND,34.4817,8.2679,28.3801,10.2808,4,BULLISH_BOS,True,,,8.299999999999955,,,BOS,True,,628.2,,2024-12-03 00:15:00,0.07272609996313752,1.8908785990415755,BNBUSDT,12,0.2826923076923086,26.0,2024-12-03 12:00:00,646.15,-0.21817829988941256,stop_loss,ABOVE
LONG,673.6,,744.65,1.2698838248436086,TREND,36.2541,10.25,32.4739,22.1951,4,BULLISH_BOS,True,,,19.75,,,BOS,True,,622.8,,2024-12-03 18:30:00,0.03372567273715039,1.886951389643566,BNBUSDT,22,1.9928507596067901,55.950000000000045,2024-12-04 16:00:00,744.65,2.3962090479745335,stop_loss,ABOVE
LONG,24.767,,25.163,0.1820689655172417,TREND,39.9628,0.5025,25.3447,17.4129,4,BULLISH_BOS,True,,,0.7640000000000029,,,BOS,True,,22.765,,2024-12-06 19:30:00,0.8873945528768308,1.9300831525071076,LINKUSDT,14,0.8606896551724135,2.1750000000000007,2024-12-07 09:00:00,25.163,0.3514082429392257,stop_loss,ABOVE
LONG,17.591,,17.357,-0.14173228346456787,TREND,32.6015,0.4763,33.3233,8.6083,4,BULLISH_BOS,True,,,0.5529999999999973,,,BOS,True,,15.94,,2024-12-06 18:00:00,1.1690388567577867,1.9300831525071076,UNIUSDT,18,0.40763173834039834,1.6510000000000016,2024-12-07 12:00:00,17.357,-0.27355509248132415,stop_loss,ABOVE
LONG,0.366,,0.3277,-0.14535104364326276,TREND,30.605,0.0143,48.1133,10.2454,4,BULLISH_BOS,True,,,0.04716999999999999,,,BOS,True,,0.2755,,2024-12-06 22:00:00,5.361342090297521,1.9300831525071076,HBARUSDT,21,0.007362428842504684,0.2635000000000018,2024-12-07 19:00:00,0.3277,-0.20533940205839507,stop_loss,ABOVE
LONG,1.1975,1.2187,1.19288,-1.0,RANGE,14.9024,0.0154,14.7959,24.2115,5,BEARISH_BOS,False,SWEEP_LOW,,0.01750000000000007,,,SWEEP,False,1.1929,,,2024-12-08 06:00:00,5.354967777717496,2.141987111086998,ADAUSDT,2,1.2554112554112427,0.0046200000000000685,2024-12-08 08:00:00,1.19288,-0.0247399511330552,stop_loss,
LONG,51.185,53.015,50.99696,-1.0,RANGE,18.19,0.6268,13.9031,25.5271,4,BEARISH_BOS,False,SWEEP_LOW,,0.6499999999999986,,,SWEEP,False,51.152,,,2024-12-08 06:30:00,5.354967777717496,1.9277883999782988,AVAXUSDT,2,2.2335673261007907,0.18804000000000087,2024-12-08 08:00:00,50.99696,-1.0069481409220027,stop_loss,
LONG,0.458,,0.4488,-0.00037414799993493246,TREND,35.9293,0.0073,32.5886,11.752,4,BULLISH_BOS,True,,,0.008499999999999952,,,BOS,True,,0.4428,,2024-12-07 16:00:00,0.0785501158726331,1.9314845092153499,DOGEUSDT,17,0.0006885136564019976,24.5892,2024-12-08 09:00:00,0.4488,-0.0007226610660282277,stop_loss,ABOVE
LONG,1.1805,1.2187,1.1569,1.6186440677965968,RANGE,15.5815,0.0157,16.5683,26.1462,4,BEARISH_BOS,False,SWEEP_LOW,,0.025500000000000078,,,SWEEP,False,1.1569,,,2024-12-08 08:00:00,5.303383373114743,1.9092180143213076,ADAUSDT,3,1.1906779661016829,0.023600000000000065,2024-12-08 11:00:00,1.2187,0.20258924485298205,take_profit,
LONG,1.1743,1.2221,1.16977,-1.0,RANGE,19.3412,0.0151,17.9717,28.3019,4,BEARISH_BOS,False,SWEEP_LOW,,0.028900000000000148,,,SWEEP,False,1.1698,,,2024-12-09 00:00:00,5.313476702304091,1.9128516128294728,ADAUSDT,1,0.0,0.004529999999999923,2024-12-09 01:00:00,1.16977,-0.024070049461437124,stop_loss,
LONG,2.4886,2.6195999999999997,2.4737,-1.0,RANGE,22.1898,0.0495,26.1723,29.2454,4,BEARISH_BOS,False,SWEEP_LOW,,0.16989999999999972,,,SWEEP,False,2.4784,,,2024-12-09 00:30:00,5.313476702304091,1.9128516128294728,XRPUSDT,2,1.013422818791945,0.014899999999999913,2024-12-09 02:00:00,2.4737,-0.0791708028643305,stop_loss,
SHORT,124.49,,112.91,0.6310042121438337,TREND,30.082,2.2771,11.857,41.8758,4,BEARISH_BOS,True,,,3.210000000000008,,,BOS,True,,,136.78,2024-12-09 08:00:00,0.10413167594760203,1.910993277487609,LTCUSDT,21,0.9454165009236194,18.351700000000008,2024-12-10 05:00:00,112.91,1.2058448074732313,stop_loss,BELOW
SHORT,8.555,,7.531,1.0733752620545067,TREND,35.0738,0.1728,8.3506,43.241,4,BEARISH_BOS,True,,,0.3249999999999993,,,BOS,True,,,9.509,2024-12-09 08:00:00,2.003137607429358,1.910993277487609,AXSUSDT,25,1.373165618448636,0.9540000000000006,2024-12-10 09:00:00,7.531,2.0512129100076626,stop_loss,BELOW
LONG,99310.9,101961.0,99038.84287,9.740968744322178,RANGE,17.332,906.8571,18.2443,22.9687,3,,False,SWEEP_LOW,,954.0,,,SWEEP,False,99038.8429,,,2024-12-13 01:45:00,0.006435316047698479,1.750773614579791,BTCUSDT,24,10.523892536835902,272.05713000000105,2024-12-14 01:00:00,101961.0,17.054231058005776,take_profit,
LONG,53.54,,52.03,-0.5127334465195239,TREND,31.35,0.8918,20.5847,7.8494,5,BULLISH_BOS,True,SWEEP_HIGH,,0.7950000000000017,,,BOS,True,,50.665,,2024-12-14 01:30:00,0.858930947159543,2.5295516393848545,AVAXUSDT,11,0.0,2.9450000000000003,2024-12-14 12:00:00,52.03,-1.2969857302109082,stop_loss,ABOVE
SHORT,523.4,,534.0,-0.3785714285714294,TREND,35.5931,6.3214,13.3333,25.9887,4,BEARISH_BOS,True,,,9.399999999999977,,,BOS,True,,,551.4,2024-12-14 13:00:00,0.0804732404393776,2.253250732302573,BCHUSDT,10,0.09999999999999838,28.0,2024-12-14 23:00:00,534.0,-0.8530163486574045,stop_loss,BELOW
SHORT,119.67,,120.18,-0.12259615384615517,TREND,37.9094,1.595,11.33,23.4662,3,BEARISH_BOS,True,,,2.319999999999993,,,BOS,True,,,123.83,2024-12-14 12:00:00,0.48146383168858436,2.0028895398245092,LTCUSDT,26,1.0288461538461549,4.159999999999997,2024-12-15 14:00:00,120.18,-0.24554655416118049,stop_loss,BELOW
SHORT,3861.18,,3912.12,-0.7527707994680065,TREND,36.6348,28.3271,16.201,23.4177,4,BEARISH_BOS,True,,,53.960000000000036,,,BOS,True,,,3912.12,2024-12-15 07:15:00,0.03307073205300336,2.2378964380267394,ETHUSDT,9,0.017289788680354908,67.67000000000007,2024-12-15 16:00:00,3912.12,-1.6846230907799928,stop_loss,BELOW
SHORT,0.403,17.11710000000002,17.14100000000002,-0.9985721113633648,RANGE,16.2695,0.0037,19.479,15.6493,5,BULLISH_BOS,False,SWEEP_HIGH,,0.0026800000000000157,,,SWEEP,False,0.411,,,2024-12-15 15:00:00,0.1482638706371288,2.4816406667242648,DOGEUSDT,1,0.0,16.73800000000002,2024-12-15 16:00:00,17.11710000000002,-2.4780971602160373,take_profit,
SHORT,7.532,,7.896,-0.892156862745097,TREND,30.1294,0.1106,13.9445,32.7308,3,BEARISH_BOS,True,,,0.19500000000000028,,,BOS,True,,,7.94,2024-12-14 13:00:00,4.9090429897659495,2.0028895398245092,AXSUSDT,35,0.41421568627450844,0.40800000000000036,2024-12-16 00:00:00,7.896,-1.786891648274805,stop_loss,BELOW
LONG,2.5751,,2.5778,0.021176470588234714,TREND,37.1625,0.0351,35.9959,13.8415,4,BULLISH_BOS,True,,,0.031200000000000117,,,BOS,True,,2.4611,,2024-12-17 09:30:00,5.90662107184712,2.1263835858649633,XRPUSDT,13,1.1019607843137247,0.12749999999999995,2024-12-17 22:00:00,2.5778,0.015947876893986777,stop_loss,ABOVE
SHORT,484.8,,484.3,0.011709601873536302,TREND,37.8422,10.3357,10.6427,46.1645,4,BEARISH_BOS,True,,,41.5,,,BOS,True,,,527.5,2024-12-18 20:00:00,0.04980493320021208,2.126670647649055,BCHUSDT,14,0.30679156908665167,42.69999999999999,2024-12-19 10:00:00,484.3,0.02490246660010604,stop_loss,BELOW
SHORT,0.2573,,0.27178,-0.13545369504209545,TREND,33.451,0.0099,14.7145,23.2388,4,BEARISH_BOS,True,,,0.009409999999999974,,,BOS,True,,,0.2862,2024-12-20 09:00:00,5.908663589021825,2.127118892047857,HBARUSDT,10,0.21234798877455474,0.10690000000000033,2024-12-20 19:00:00,0.27178,-0.08555744876903632,stop_loss,BELOW
SHORT,6.485,,7.267,-0.9061413673232913,TREND,38.7428,0.2052,13.505,36.1991,4,BEARISH_BOS,True,,,0.1900000000000004,,,BOS,True,,,7.27,2024-12-20 09:30:00,2.464795935165537,2.127118892047857,DOTUSDT,13,0.4785631517960608,0.8629999999999995,2024-12-20 22:00:00,7.267,-1.92747042129945,stop_loss,BELOW
SHORT,2.1737,,2.2967,-0.6162324649298593,TREND,38.0957,0.0642,17.0911,29.5897,4,BEARISH_BOS,True,,,0.1176999999999997,,,BOS,True,,,2.3284,2024-12-20 09:30:00,5.908663589021825,2.127118892047857,XRPUSDT,17,1.0370741482965957,0.19959999999999978,2024-12-21 02:00:00,2.2967,-0.7267656214496832,stop_loss,BELOW
SHORT,14.21,13.474,14.3308,-1.0,RANGE,19.4535,0.4026,19.4287,25.1597,4,BULLISH_BOS,False,SWEEP_HIGH,,0.6990000000000016,,,SWEEP,False,14.3308,,,2024-12-23 03:00:00,5.771673914445916,2.07780260920053,UNIUSDT,1,0.8195364238410672,0.12079999999999913,2024-12-23 04:00:00,14.3308,-0.6972182088650617,stop_loss,
SHORT,7.085,6.65,7.1297,-1.0,RANGE,13.7467,0.1489,31.0791,14.964,4,BULLISH_BOS,False,SWEEP_HIGH,,0.2839999999999998,,,SWEEP,False,7.1297,,,2024-12-23 16:45:00,5.736813004002663,2.065252681440959,DOTUSDT,4,3.0648769574944152,0.04469999999999974,2024-12-23 20:00:00,7.1297,-0.25643554127891754,stop_loss,
SHORT,0.3222,0.3027,0.3241,-1.0,RANGE,15.1709,0.0063,26.6994,15.0234,4,BULLISH_BOS,False,SWEEP_HIGH,,0.009330000000000005,,,SWEEP,False,0.3241,,,2024-12-23 20:00:00,5.723991226938717,2.060636841697938,DOGEUSDT,1,0.326315789473687,0.0019000000000000128,2024-12-23 21:00:00,0.3241,-0.010875583331183636,stop_loss,
LONG,339.44,,375.26,1.7254335260115612,TREND,31.4124,9.955,31.1473,12.126,4,BULLISH_BOS,True,,,5.110000000000014,,,BOS,True,,318.68,,2024-12-23 09:00:00,0.09948230642779189,2.065252681440959,AAVEUSDT,23,2.3473025048169576,20.75999999999999,2024-12-24 08:00:00,375.26,3.563456216243505,stop_loss,ABOVE
LONG,109.17,,107.53,-0.1509739661965607,TREND,33.0086,1.335,33.0123,16.4259,3,BULLISH_BOS,True,SWEEP_HIGH,,1.0100000000000051,,,BOS,True,,105.07,,2024-12-24 14:00:00,0.1738519058389168,1.8885184827469865,LTCUSDT,13,0.10494531796590197,10.862800000000007,2024-12-25 03:00:00,107.53,-0.28511712557582364,stop_loss,ABOVE
SHORT,5.159,,5.021,0.6359447004608301,TREND,30.064,0.0626,9.9315,25.2283,4,BEARISH_BOS,True,,,0.03599999999999959,,,BOS,True,,,5.361,2024-12-26 05:30:00,5.8873644023055425,2.1194511848299955,FILUSDT,20,0.898617511520736,0.21699999999999964,2024-12-27 01:00:00,5.021,0.8124562875181642,stop_loss,BELOW
SHORT,6.533,,6.358,0.6809338521400814,TREND,36.365,0.0862,3.2312,36.6197,4,BEARISH_BOS,True,,,0.06099999999999994,,,BOS,True,,,6.79,2024-12-26 04:00:00,5.8873644023055425,2.1194511848299955,AXSUSDT,26,1.1517509727626485,0.2569999999999997,2024-12-27 06:00:00,6.358,1.0302887704034742,stop_loss,BELOW
LONG,194.78,,192.59,-0.19765342960288765,TREND,37.8049,1.6264,46.2451,2.4594,3,BULLISH_BOS,True,,,2.680000000000007,,,BOS,True,,183.7,,2024-12-28 17:00:00,0.17269318859788063,1.9134405296645196,SOLUSDT,8,0.055956678700361355,11.080000000000013,2024-12-29 01:00:00,192.59,-0.3781980830293582,stop_loss,ABOVE
SHORT,6.485,,6.314,1.0621118012422404,TREND,38.9604,0.0716,5.8882,28.6427,3,BEARISH_BOS,True,,,0.06799999999999962,,,BOS,True,,,6.646,2024-12-29 12:00:00,5.960591751050156,1.9073893603360499,AXSUSDT,49,2.7639751552795118,0.1609999999999996,2024-12-31 13:00:00,6.314,1.0192611894295782,stop_loss,BELOW
SHORT,314.29,,320.13,-0.2681235939580356,TREND,35.2116,6.835,7.7542,34.0892,4,BEARISH_BOS,True,,,7.6299999999999955,,,BOS,True,,,334.73,2024-12-31 00:00:00,0.09851765439502573,2.145813030378056,AAVEUSDT,13,0.21302970478857913,21.781000000000006,2024-12-31 13:00:00,320.13,-0.5753431016669478,stop_loss,BELOW
SHORT,191.07,,191.76,-0.00217510544532919,TREND,32.7018,2.2864,18.0256,26.398,4,BEARISH_BOS,True,,,2.480000000000018,,,BOS,True,,,199.15,2024-12-31 22:00:00,0.006789492525700237,2.1538035559577837,SOLUSDT,17,0.006273130197398638,317.22600000000006,2025-01-01 15:00:00,191.76,-0.004684749842733148,stop_loss,BELOW
LONG,0.2906,,0.29046,-7.530954914326189e-07,TREND,31.7868,0.005,48.3912,8.4479,4,BULLISH_BOS,True,,,0.016770000000000007,,,BOS,True,,0.264,,2025-01-01 16:00:00,0.01158540173050916,2.1537192304606143,HBARUSDT,13,4.83056965218822e-05,185.89939999999999,2025-01-02 05:00:00,0.29046,-1.6219562422716182e-06,stop_loss,ABOVE
LONG,2.2535,,2.3742,0.6865756541524467,TREND,33.3463,0.0321,46.7825,9.3298,4,BULLISH_BOS,True,,,0.06059999999999999,,,BOS,True,,2.0869,,2025-01-01 16:30:00,5.982553417946151,2.1537192304606143,XRPUSDT,28,0.9687144482366322,0.17580000000000018,2025-01-02 20:00:00,2.3742,0.7220941975461019,stop_loss,ABOVE
LONG,14.13,14.387,14.0858,5.81447963800904,RANGE,22.5341,0.1473,15.1794,22.8904,4,,False,SWEEP_LOW,,0.11899999999999977,,,SWEEP,False,14.0858,,,2025-01-03 08:00:00,6.018658046725644,2.166716896821232,UNIUSDT,3,8.190045248868778,0.04420000000000002,2025-01-03 11:00:00,14.387,1.5467951180084885,take_profit,
LONG,7.472,,7.633,0.5296052631578945,TREND,32.5223,0.0941,36.6743,10.858,4,BULLISH_BOS,True,,,0.18599999999999994,,,BOS,True,,7.19,,2025-01-03 09:30:00,6.018658046725644,2.166716896821232,DOTUSDT,16,1.378289473684212,0.3039999999999994,2025-01-04 01:00:00,7.633,0.9690039455228262,stop_loss,ABOVE
LONG,40.565,,41.52,0.7460937500000036,TREND,30.4027,0.4814,28.1899,12.3145,4,BULLISH_BOS,True,,,0.5549999999999997,,,BOS,True,,39.32,,2025-01-03 09:30:00,1.692747575641586,2.166716896821232,AVAXUSDT,23,1.386718750000003,1.2800000000000011,2025-01-04 08:00:00,41.52,1.6165739347377237,stop_loss,ABOVE
LONG,0.3037,0.30879999999999985,0.28659999999999985,0.2982456140350746,RANGE,18.1788,0.0048,21.2358,28.4193,3,,False,SWEEP_LOW,,0.01100000000000001,,,SWEEP,False,0.2976,,,2025-01-04 15:00:00,6.225276696639096,1.9920885429245108,HBARUSDT,9,0.3619883040935621,0.01710000000000017,2025-01-05 00:00:00,0.30879999999999985,0.031748911152858314,take_profit,
LONG,5.569,5.67,5.5525,6.121212121212217,RANGE,21.3211,0.055,24.9351,29.2208,4,BEARISH_BOS,False,SWEEP_LOW,,0.16999999999999993,,,SWEEP,False,5.5635,,,2025-01-04 15:30:00,6.225276696639096,2.2410996107900747,FILUSDT,16,5.212121212121313,0.016499999999999737,2025-01-05 07:00:00,5.67,0.6287529463605486,take_profit,
LONG,6.952,7.134,6.813,1.309352517985612,RANGE,18.4658,0.0829,27.907,29.888,3,,False,SWEEP_LOW,,0.2160000000000002,,,SWEEP,False,6.813,,,2025-01-04 15:00:00,6.225276696639096,1.9920885429245108,AXSUSDT,35,2.0143884892086317,0.13900000000000023,2025-01-06 02:00:00,7.134,1.1330003587883177,take_profit,
LONG,6.234,,5.99,-0.49193548387096775,TREND,35.5802,0.1291,45.5752,7.0796,4,BULLISH_BOS,True,,,0.24300000000000033,,,BOS,True,,5.783,,2025-01-06 02:30:00,4.583432763474814,2.273382650683506,FILUSDT,12,0.042338709677419206,0.49599999999999955,2025-01-06 14:00:00,5.99,-1.1183575942878536,stop_loss,ABOVE
LONG,101946.7,,101515.0,-0.1231598767545354,TREND,35.4867,784.0357,43.0911,8.735,4,BULLISH_BOS,True,,,2043.5999999999913,,,BOS,True,,98612.2,,2025-01-06 15:30:00,0.0006428312832324337,2.2532522139863245,BTCUSDT,12,0.06824146981627219,3505.199999999997,2025-01-07 03:00:00,101515.0,-0.27751026497143977,stop_loss,ABOVE
LONG,7.302,,7.109,-0.5761194029850736,TREND,30.6102,0.1085,30.6122,13.6274,4,BULLISH_BOS,True,,,0.1429999999999998,,,BOS,True,,6.967,,2025-01-06 15:00:00,6.2590339277397895,2.2532522139863245,AXSUSDT,17,0.2776119402985074,0.33499999999999996,2025-01-07 08:00:00,7.109,-1.207993548053777,stop_loss,ABOVE
LONG,718.05,,725.15,0.8765432098765559,TREND,36.7814,3.4571,30.9917,8.0579,4,BULLISH_BOS,True,,,4.400000000000091,,,BOS,True,,710.7,,2025-01-06 10:30:00,0.2806645247757446,2.273382650683506,BNBUSDT,23,2.9506172839506615,8.099999999999909,2025-01-07 09:00:00,725.15,1.992718125907793,stop_loss,ABOVE
SHORT,0.3637,,0.35365,1.9072619044456307e-05,TREND,33.1633,0.0065,10.8588,47.9771,4,BEARISH_BOS,True,,,0.02475000000000005,,,BOS,True,,,0.3971,2025-01-07 15:00:00,0.004293487699998208,2.262382071618211,DOGEUSDT,12,3.0174591324065244e-05,526.9333999999942,2025-01-08 03:00:00,0.35365,4.314955138498201e-05,stop_loss,BELOW
SHORT,3523.51,,3375.44,0.6764894005847958,TREND,38.2729,37.5886,2.3753,52.7877,4,BEARISH_BOS,True,,,176.47999999999956,,,BOS,True,,,3678.88,2025-01-07 15:15:00,0.010336175400302494,2.262382071618211,ETHUSDT,23,0.9888523391812863,218.8800000000001,2025-01-08 14:00:00,3375.44,1.5304774915227919,stop_loss,BELOW
SHORT,446.7,,438.7,0.2476780185758513,TREND,36.8832,5.3714,2.7926,55.984,4,BEARISH_BOS,True,,,22.299999999999955,,,BOS,True,,,479.0,2025-01-07 15:00:00,0.07004278859499102,2.262382071618211,BCHUSDT,24,0.6284829721362231,32.30000000000001,2025-01-08 15:00:00,438.7,0.5603423087599282,stop_loss,BELOW
SHORT,98432.0,,95254.5,0.7807317133099104,TREND,33.7118,626.3929,4.2979,56.4992,4,BEARISH_BOS,True,,,3077.199999999997,,,BOS,True,,,101975.0,2025-01-07 15:15:00,0.000555881488886266,2.262382071618211,BTCUSDT,34,1.1018943954396945,4069.899999999994,2025-01-09 01:00:00,95254.5,1.7663134309361104,stop_loss,BELOW
SHORT,6.589,,6.742,-0.5645756457564562,TREND,38.3104,0.0959,16.2323,23.3805,3,BEARISH_BOS,True,,,0.14900000000000002,,,BOS,True,,,6.841,2025-01-09 07:30:00,6.477253462422429,2.0727211079751773,DOTUSDT,8,0.3468634686346876,0.2709999999999999,2025-01-09 15:00:00,6.742,-0.9910197797506289,stop_loss,BELOW
SHORT,19.819,,20.124,-0.33152173913043514,TREND,39.9481,0.3022,17.2772,26.2113,4,BEARISH_BOS,True,,,0.389999999999997,,,BOS,True,,,20.714,2025-01-09 07:30:00,2.534577441817478,2.331811246472075,LINKUSDT,8,0.5141304347826087,0.9199999999999982,2025-01-09 15:00:00,20.124,-0.77304611975433,stop_loss,BELOW
SHORT,14.08,,12.995,1.1469344608879506,TREND,34.3059,0.2001,5.7122,42.0921,4,BEARISH_BOS,True,,,0.766,,,BOS,True,,,15.026,2025-01-07 15:00:00,2.3915243886027606,2.262382071618211,UNIUSDT,57,1.7156448202959829,0.9459999999999997,2025-01-10 00:00:00,12.995,2.5948039616339975,stop_loss,BELOW
SHORT,105.97,99.83500000000001,108.11439999999999,2.8609401231113685,RANGE,22.4824,1.5521,13.6677,16.0607,3,,False,SWEEP_HIGH,,2.4299999999999926,,,SWEEP,False,108.0894,,,2025-01-10 17:00:00,0.9727722985307088,2.0860129169692425,LTCUSDT,60,2.942548032083581,2.1443999999999903,2025-01-13 05:00:00,99.83500000000001,5.96795805148589,take_profit,
SHORT,181.99,,180.24,0.17641129032258088,TREND,30.7955,2.2871,11.7427,31.2305,4,BEARISH_BOS,True,,,2.859999999999985,,,BOS,True,,,191.91,2025-01-13 06:00:00,0.24739796134245431,2.4541877765171436,SOLUSDT,14,0.685483870967744,9.919999999999987,2025-01-13 20:00:00,180.24,0.43294643234929503,stop_loss,BELOW
SHORT,0.9632,,0.9407,0.6446991404011443,TREND,33.9806,0.0133,6.5811,25.8427,4,BEARISH_BOS,True,,,0.014399999999999968,,,BOS,True,,,0.9981,2025-01-12 22:00:00,6.518790365528883,2.3467645315903978,ADAUSDT,23,1.9971346704871031,0.03490000000000004,2025-01-13 21:00:00,0.9407,0.14667278322439964,stop_loss,BELOW
LONG,695.75,,695.65,-0.0032733224222593294,TREND,35.9331,4.3607,40.7862,4.5045,4,BULLISH_BOS,True,,,5.9500000000000455,,,BOS,True,,665.65,,2025-01-14 09:30:00,0.08067498927651276,2.4646209223974704,BNBUSDT,17,0.13584288052373053,30.550000000000068,2025-01-15 02:00:00,695.65,-0.00806749892765311,stop_loss,ABOVE
LONG,0.2848,,0.3083,0.05122057541411877,TREND,38.5079,0.0047,36.6416,2.6807,4,BULLISH_BOS,True,,,0.005749999999999977,,,BOS,True,,0.276,,2025-01-14 09:00:00,5.371885183952106,2.4646209223974704,HBARUSDT,35,0.07199215344375923,0.45880000000004545,2025-01-15 20:00:00,0.3083,0.1262393018228746,stop_loss,ABOVE
LONG,313.74,,311.68,-0.002845126243499718,TREND,37.9524,5.895,37.756,9.9358,4,BULLISH_BOS,True,,,10.810000000000002,,,BOS,True,,285.61,,2025-01-15 14:00:00,0.0034037594716694103,2.4644757074167725,AAVEUSDT,13,0.011560051775773121,724.0452,2025-01-16 03:00:00,311.68,-0.007011744511638993,stop_loss,ABOVE
LONG,98975.0,,99129.8,0.052812937122583115,TREND,32.565,696.5,37.2454,10.4338,4,BULLISH_BOS,True,,,922.1000000000058,,,BOS,True,,96469.6,,2025-01-15 14:30:00,0.0008408023293018935,2.4644757074167725,BTCUSDT,18,0.508341578247076,2931.0999999999913,2025-01-16 08:00:00,99129.8,0.13015620057593555,stop_loss,ABOVE
LONG,104.86,,116.42,0.02689310224496936,TREND,33.6609,1.1857,25.7831,15.4217,4,BULLISH_BOS,True,,,1.7800000000000011,,,BOS,True,,100.71,,2025-01-15 14:00:00,0.005733338856384294,2.4644757074167725,LTCUSDT,20,0.034988949633593364,429.8499999999971,2025-01-16 10:00:00,116.42,0.06627739717980245,stop_loss,ABOVE
LONG,7.214,,7.204,-0.022522522522524045,TREND,34.232,0.1098,29.4079,18.0221,4,BULLISH_BOS,True,,,0.34299999999999997,,,BOS,True,,6.845,,2025-01-16 12:30:00,5.563418036504455,2.4701576082079777,DOTUSDT,10,0.2545045045045035,0.44399999999999995,2025-01-16 22:00:00,7.204,-0.0556341803650483,stop_loss,ABOVE
LONG,133.67,,135.06,0.12284577993813671,TREND,31.2586,3.9879,35.3215,13.3799,4,BULLISH_BOS,True,,,7.230000000000004,,,BOS,True,,122.43,,2025-01-17 03:00:00,0.21821972540533896,2.4691561929614068,LTCUSDT,10,0.5665046398585978,11.314999999999984,2025-01-17 13:00:00,135.06,0.30332541831342436,stop_loss,ABOVE
LONG,14.287,,13.917,-1.0,TREND,31.3599,0.2267,21.298,9.6408,4,BULLISH_BOS,True,,,0.20400000000000063,,,BOS,True,,13.917,,2025-01-19 00:00:00,6.688151487813626,2.4746160504910484,UNIUSDT,5,0.3945945945945909,0.370000000000001,2025-01-19 05:00:00,13.917,-2.4746160504910484,stop_loss,BELOW
LONG,22.898,24.266,22.4336,-1.0,RANGE,16.9441,0.4755,11.5217,29.9835,5,BEARISH_BOS,False,SWEEP_LOW,,0.9980000000000011,,,SWEEP,False,22.7576,,,2025-01-19 09:30:00,5.8141280543166864,2.7000810684246765,LINKUSDT,2,0.0,0.46440000000000126,2025-01-19 11:00:00,22.4336,-2.7000810684246765,stop_loss,
SHORT,6.5,,6.912,-0.8126232741617361,TREND,37.2811,0.1586,16.7942,38.4511,4,BEARISH_BOS,True,,,0.36599999999999966,,,BOS,True,,,6.912,2025-01-19 21:30:00,4.697182450395595,2.381471502350565,DOTUSDT,10,0.8678500986193307,0.5069999999999997,2025-01-20 07:00:00,6.912,-1.935239169562985,stop_loss,BELOW
LONG,26.205,,24.516,-0.3898891966759002,TREND,30.3094,0.7687,35.3373,20.6839,4,BULLISH_BOS,True,,,0.6529999999999987,,,BOS,True,,22.188,,2025-01-19 17:30:00,0.5497394973108414,2.381471502350565,LINKUSDT,24,0.05216989843028684,4.332000000000001,2025-01-20 17:00:00,24.516,-0.9285100109580111,stop_loss,ABOVE
LONG,105859.2,,105330.3,-0.15588894128743103,TREND,37.0862,1248.7857,30.282,14.6462,3,BULLISH_BOS,True,,,1540.199999999997,,,BOS,True,,102777.1,,2025-01-21 17:30:00,0.0006104231227177016,2.071043570756611,BTCUSDT,11,0.3386583352982799,3392.7999999999884,2025-01-22 04:00:00,105330.3,-0.3228527896053888,stop_loss,ABOVE
LONG,373.21,,359.29,-0.04232160773463891,TREND,35.2452,9.8614,30.226,5.1572,3,BULLISH_BOS,True,,,9.120000000000005,,,BOS,True,,355.0,,2025-01-21 18:00:00,0.006296687758829556,2.071043570756611,AAVEUSDT,12,0.0,328.90999999999707,2025-01-22 06:00:00,359.29,-0.08764989360290716,stop_loss,ABOVE
LONG,3.101,3.2627,3.039,-1.0,RANGE,14.8509,0.0466,17.5587,25.4562,4,BEARISH_BOS,False,SWEEP_LOW,,0.0411999999999999,,,SWEEP,False,3.039,,,2025-01-23 08:45:00,6.451486024453995,2.3225349688034385,XRPUSDT,5,0.0,0.06199999999999983,2025-01-23 13:00:00,3.039,-0.39999213351614665,stop_loss,
SHORT,1.7363,1.654,1.7479099999999999,-1.0,RANGE,17.5536,0.0387,22.1935,15.048,3,,False,SWEEP_HIGH,,0.0475000000000001,,,SWEEP,False,1.7479,,,2025-01-24 04:00:00,6.431486417778188,2.05807565368902,OPUSDT,1,0.0,0.011609999999999898,2025-01-24 05:00:00,1.7479099999999999,-0.0746695573104041,stop_loss,
LONG,3378.34,,3354.41,-0.17640987836343733,TREND,31.8182,53.9364,34.1394,13.1915,4,BULLISH_BOS,True,,,81.76999999999998,,,BOS,True,,3274.0,,2025-01-24 05:30:00,0.017058540791511676,2.3139910583685603,ETHUSDT,15,0.2594913380022101,135.6500000000001,2025-01-24 20:00:00,3354.41,-0.4082108811408794,stop_loss,ABOVE
SHORT,6.0,5.687,6.12,2.6083333333333285,RANGE,16.934,0.0921,28.1614,13.4213,3,,False,SWEEP_HIGH,,0.07900000000000063,,,SWEEP,False,6.12,,,2025-01-24 10:00:00,6.427752939912667,2.056880940772053,AXSUSDT,14,3.0416666666666656,0.1200000000000001,2025-01-25 00:00:00,5.687,2.0118866701926628,take_profit,
SHORT,6.348,,6.386,-0.16964285714285812,TREND,32.8929,0.0771,9.6386,18.5357,4,BEARISH_BOS,True,,,0.13199999999999967,,,BOS,True,,,6.543,2025-01-24 20:30:00,6.407342395855622,2.306643262508024,DOTUSDT,20,0.42857142857142855,0.2240000000000002,2025-01-25 16:00:00,6.386,-0.24347901104251526,stop_loss,BELOW
SHORT,0.0233,0.02179,0.023450000000000002,-1.0,RANGE,19.2088,0.0005,29.1793,11.2462,3,,False,SWEEP_HIGH,,0.0004600000000000021,,,SWEEP,False,0.0234,,,2025-01-26 00:45:00,6.49576277881313,2.078644089220201,PENGUUSDT,1,0.8666666666666728,0.00015000000000000083,2025-01-26 01:00:00,0.023450000000000002,-0.0009743644168219749,stop_loss,
SHORT,12.27,,12.369,-0.12643678160919544,TREND,30.3216,0.1619,11.6946,32.2154,4,BEARISH_BOS,True,,,0.1930000000000014,,,BOS,True,,,13.053,2025-01-25 00:00:00,2.992154818098964,2.3428572225714923,UNIUSDT,28,0.26436781609195226,0.7830000000000013,2025-01-26 04:00:00,12.369,-0.29622332699179804,stop_loss,BELOW
SHORT,12.362,12.033,12.39761,9.238977815220425,RANGE,14.862,0.1187,36.3418,16.3658,2,,False,SWEEP_HIGH,,0.21600000000000108,,,SWEEP,False,12.3976,,,2025-01-26 04:00:00,6.480902894242698,1.8146528103879551,UNIUSDT,5,11.064307778713804,0.03561000000000014,2025-01-26 09:00:00,12.033,2.132217052205852,take_profit,
SHORT,0.3435,,0.31704,0.002142631566161648,TREND,33.8441,0.0026,9.8776,43.9065,3,BEARISH_BOS,True,,,0.0042200000000000015,,,BOS,True,,,0.3541,2025-01-26 22:00:00,0.17069829050982296,2.1080043989929567,DOGEUSDT,14,0.0028058270509259647,12.3493,2025-01-27 12:00:00,0.31704,0.004516676766889922,stop_loss,BELOW
SHORT,35.945,,34.195,0.7216494845360834,TREND,32.0394,0.4282,16.5972,37.4479,4,BEARISH_BOS,True,,,1.2850000000000037,,,BOS,True,,,38.15,2025-01-26 23:30:00,0.9779401850998266,2.3715049488670767,AVAXUSDT,21,1.2082474226804136,2.424999999999997,2025-01-27 20:00:00,34.195,1.7113953239246966,stop_loss,BELOW
SHORT,11.418,,11.0,0.5903954802259875,TREND,33.0264,0.1314,8.9674,41.6848,4,BEARISH_BOS,True,,,0.32899999999999885,,,BOS,True,,,12.126,2025-01-26 23:00:00,3.3495832611116896,2.3715049488670767,UNIUSDT,22,1.447740112994348,0.7080000000000002,2025-01-27 21:00:00,11.0,1.4001258031446837,stop_loss,BELOW
SHORT,0.3259,,0.32918,-1.2848314677162392e-05,TREND,31.7792,0.0045,8.299,31.2322,4,BEARISH_BOS,True,SWEEP_LOW,,0.003740000000000021,,,BOS,True,,,0.3373,2025-01-28 19:00:00,0.009509294773776156,2.4275936293361293,DOGEUSDT,11,3.701724807902032e-05,255.28640000000001,2025-01-29 06:00:00,0.32918,-3.1190486857985314e-05,stop_loss,BELOW
SHORT,291.0,,300.68,-0.6617898407055446,TREND,37.3691,4.4393,4.2639,35.0121,4,BEARISH_BOS,True,SWEEP_LOW,,4.2000000000000455,,,BOS,True,,,300.68,2025-01-28 19:00:00,0.16596661170001556,2.4275936293361293,AAVEUSDT,13,0.5708621043276145,14.62700000000001,2025-01-29 08:00:00,300.68,-1.6065568012561517,stop_loss,BELOW
SHORT,34.0,,34.53,-0.890756302521012,TREND,33.3986,0.3304,16.4324,22.5946,3,BEARISH_BOS,True,,,0.28999999999999915,,,BOS,True,,,34.53,2025-01-31 03:00:00,3.5834547831705095,2.132155595986449,AVAXUSDT,3,0.31092436974790355,0.5949999999999989,2025-01-31 06:00:00,34.53,-1.899231035080374,stop_loss,ABOVE
SHORT,1.3982,,1.4459,-0.4547187797902751,TREND,33.8209,0.0201,4.7687,40.7117,4,BEARISH_BOS,True,,,0.023800000000000043,,,BOS,True,,,1.5031,2025-01-31 03:00:00,6.662986237457654,2.3986750454847554,OPUSDT,8,0.15157292659675906,0.1049,2025-01-31 11:00:00,1.4459,-0.3178244435267291,stop_loss,BELOW
LONG,686.15,,676.2,-0.9900497512437788,TREND,32.3204,3.2464,32.1232,10.231,4,BULLISH_BOS,True,SWEEP_HIGH,,3.8999999999999773,,,BOS,True,,676.2,,2025-01-31 16:30:00,0.2347032882457551,2.358768046869828,BNBUSDT,4,0.0,10.049999999999955,2025-01-31 20:00:00,676.2,-2.335297718045247,stop_loss,ABOVE
LONG,346.33,,330.69,-0.49440475437820003,TREND,36.7146,6.7736,43.9102,7.2551,4,BULLISH_BOS,True,,,11.120000000000005,,,BOS,True,,314.7,,2025-01-31 16:00:00,0.07456433100050032,2.358768046869828,AAVEUSDT,5,0.0,31.634000000000015,2025-01-31 21:00:00,330.69,-1.166186136847824,stop_loss,ABOVE
LONG,3397.26,,3281.23,-0.6840988149283658,TREND,35.7791,36.825,44.919,7.6675,4,BULLISH_BOS,True,SWEEP_HIGH,,46.76999999999998,,,BOS,True,,3232.6,,2025-01-31 16:30:00,0.013907010476209104,2.358768046869828,ETHUSDT,14,0.0,169.61000000000013,2025-02-01 06:00:00,3281.23,-1.613630425554545,stop_loss,ABOVE
LONG,6.33,,6.341,0.035598705501618595,TREND,30.5559,0.0814,33.8894,17.9982,4,BULLISH_BOS,True,,,0.0680000000000005,,,BOS,True,,6.025,,2025-01-31 12:30:00,6.5521334635273,2.358768046869828,DOTUSDT,20,0.4724919093851141,0.3089999999999993,2025-02-01 08:00:00,6.341,0.0720734680988011,stop_loss,ABOVE
SHORT,3238.46,,2564.85,6.994911734164091,TREND,33.8537,31.9386,6.754,30.8248,4,BEARISH_BOS,True,,,45.5,,,BOS,True,,,3331.12,2025-02-01 09:30:00,0.023551332422092997,2.2679933122475493,ETHUSDT,46,8.174350986500542,96.29999999999973,2025-02-03 07:00:00,2564.85,15.864413032846066,stop_loss,BELOW
SHORT,0.2993,,0.24509,0.014841076463986067,TREND,34.6278,0.0034,14.1525,28.4501,4,BEARISH_BOS,True,,,0.005119999999999958,,,BOS,True,,,0.312,2025-02-01 09:00:00,0.6209087284057351,2.2679933122475493,HBARUSDT,49,0.02575355216689115,3.6526999999998724,2025-02-03 10:00:00,0.24509,0.033659462166874904,stop_loss,BELOW
SHORT,226.91,,199.54,0.008480429959348161,TREND,34.8496,2.0779,14.8505,28.4634,3,BEARISH_BOS,True,,,2.719999999999999,,,BOS,True,,,234.0,2025-02-01 09:00:00,0.0006246436384617506,2.015994055331155,SOLUSDT,49,0.01309400694490512,3227.4307,2025-02-03 10:00:00,199.54,0.017096496384698116,stop_loss,BELOW
SHORT,11.374,,9.346,5.495934959349598,TREND,33.5995,0.1676,5.9651,32.6374,4,BEARISH_BOS,True,,,0.20999999999999908,,,BOS,True,,,11.743,2025-02-01 09:00:00,6.1463233394242565,2.2679933122475493,UNIUSDT,53,9.937669376693774,0.3689999999999998,2025-02-03 14:00:00,9.346,12.464743732352394,stop_loss,BELOW
SHORT,3.0057,,2.4386,5.7985685071574435,TREND,35.6328,0.028,12.0031,35.9072,4,BEARISH_BOS,True,,,0.08579999999999988,,,BOS,True,,,3.0714,2025-02-01 09:15:00,6.299981422909859,2.2679933122475493,XRPUSDT,54,9.301635991820008,0.09780000000000033,2025-02-03 15:00:00,2.4386,3.5727194649321805,stop_loss,BELOW
SHORT,273.37,248.9121,275.62100000000004,-1.0,RANGE,12.1196,7.3964,21.5934,18.0396,2,,False,SWEEP_HIGH,,9.949999999999989,,,SWEEP,False,275.5889,,,2025-02-05 05:00:00,0.982377454045437,2.2113316490563113,AAVEUSDT,2,1.3682807641048151,2.251000000000033,2025-02-05 07:00:00,275.62100000000004,-2.2113316490563113,stop_loss,
SHORT,274.34,519.2764,546.9793,-0.8983899239764773,RANGE,12.9207,7.4764,23.5407,17.8466,3,BULLISH_BOS,False,SWEEP_HIGH,,7.639999999999986,,,SWEEP,False,276.5829,,,2025-02-05 07:00:00,0.00913974934635311,2.4918548639651696,AAVEUSDT,1,0.004768204730572425,272.6393,2025-02-05 08:00:00,519.2764,-2.2386573017980838,take_profit,
SHORT,2823.57,2717.79,2836.97571,-1.0,RANGE,14.3062,44.6857,12.7078,12.2187,4,BULLISH_BOS,False,SWEEP_HIGH,,27.039999999999964,,,SWEEP,False,2832.6357,,,2025-02-06 04:30:00,0.20610925423035786,2.7630408905284507,ETHUSDT,1,0.0,13.40571,2025-02-06 05:00:00,2836.97571,-2.7630408905284507,stop_loss,
SHORT,101.92,,102.23,-0.018191527442799508,TREND,32.1946,2.0221,17.6616,25.2561,5,BEARISH_BOS,True,SWEEP_LOW,,3.5,,,BOS,True,,,109.6,2025-02-06 15:00:00,0.17691463573578448,3.014784616109931,LTCUSDT,9,0.12616704516780244,17.040900000000008,2025-02-07 00:00:00,102.23,-0.05484353707809359,stop_loss,BELOW
SHORT,2.348,,2.3638,-0.10226537216828498,TREND,30.3547,0.0441,10.6039,25.8702,3,BEARISH_BOS,True,,,0.09410000000000007,,,BOS,True,,,2.4687,2025-02-06 15:15:00,7.536961540274828,2.411827692887945,XRPUSDT,10,0.35339805825242543,0.15450000000000008,2025-02-07 01:00:00,2.3638,-0.11908399233634256,stop_loss,BELOW
SHORT,247.61,,248.51,-0.03867640739148996,TREND,31.063,5.0636,8.224,25.6313,3,BEARISH_BOS,True,,,8.530000000000001,,,BOS,True,,,266.54,2025-02-06 15:00:00,0.10364536712023761,2.411827692887945,AAVEUSDT,18,0.31499785131069896,23.270000000000152,2025-02-07 09:00:00,248.51,-0.0932808304082115,stop_loss,BELOW
SHORT,25.04,,25.22,-0.09782608695652159,TREND,31.3822,0.4621,14.2195,31.221,4,BEARISH_BOS,True,,,0.8949999999999996,,,BOS,True,,,26.81,2025-02-06 15:30:00,1.4746229100537709,2.7133061544989383,AVAXUSDT,18,0.3016304347826086,1.8399999999999999,2025-02-07 09:00:00,25.22,-0.26543212380967834,stop_loss,BELOW
SHORT,0.2491,,0.25416,-0.058362168396770386,TREND,36.5354,0.004,13.3143,28.1278,3,BEARISH_BOS,True,,,0.008959999999999996,,,BOS,True,,,0.2658,2025-02-06 15:00:00,7.536961540274828,2.411827692887945,DOGEUSDT,20,0.061591695501729715,0.08670000000000028,2025-02-07 11:00:00,0.25416,-0.0381370253937907,stop_loss,BELOW
SHORT,584.55,569.3,589.65,-1.0,RANGE,10.9127,5.1964,21.2371,17.6632,5,BULLISH_BOS,False,SWEEP_HIGH,,4.25,,,SWEEP,False,589.2,,,2025-02-07 10:30:00,0.5890454522426023,3.004131806437285,BNBUSDT,4,0.11764705882351105,5.100000000000023,2025-02-07 14:00:00,589.65,-3.004131806437285,stop_loss,
LONG,99634.9,,97139.1,-0.9815936443011078,TREND,31.346,731.8071,39.8339,7.7928,4,BULLISH_BOS,True,,,1492.3999999999942,,,BOS,True,,97139.1,,2025-02-07 14:15:00,0.0010418303259736518,2.648957786820598,BTCUSDT,3,0.0,2542.5999999999913,2025-02-07 17:00:00,97139.1,-2.600200127565028,stop_loss,ABOVE
SHORT,100.78,,103.38,-0.06583945302607756,TREND,30.6724,1.7907,16.6733,25.4487,4,BEARISH_BOS,True,,,2.3500000000000085,,,BOS,True,,,108.09,2025-02-07 20:00:00,0.0658940031533106,2.6021541845244274,LTCUSDT,20,0.0,39.49000000000291,2025-02-08 16:00:00,103.38,-0.1713244081986072,stop_loss,BELOW
SHORT,0.7044,0.6808,0.7185,1.6737588652482314,RANGE,22.1812,0.0089,26.2097,9.3548,3,BULLISH_BOS,False,SWEEP_HIGH,,0.010700000000000043,,,SWEEP,False,0.7185,,,2025-02-09 01:00:00,7.219639847713478,2.310284751268313,ADAUSDT,12,1.723404255319148,0.014100000000000001,2025-02-09 13:00:00,0.6808,0.17038350040603856,take_profit,
LONG,116.71,,126.17,9.488890292896935e-05,TREND,32.355,3.2693,34.6297,9.6133,5,BULLISH_BOS,True,SWEEP_HIGH,,1.960000000000008,,,BOS,True,,102.17,,2025-02-10 09:00:00,2.9000933609443508e-05,2.891263609093512,LTCUSDT,28,0.0001334061743081703,99695.5356,2025-02-11 13:00:00,126.17,0.0002743488319453358,stop_loss,ABOVE
SHORT,97194.2,,96234.5,0.5617536876609696,TREND,32.1179,478.2929,23.1,28.987,4,BEARISH_BOS,True,,,1200.0,,,BOS,True,,,98459.0,2025-02-11 13:30:00,0.0015231457424860367,2.602142186463136,BTCUSDT,19,1.29261297120113,1708.3999999999942,2025-02-12 08:00:00,96234.5,1.461762969063845,stop_loss,BELOW
LONG,693.35,,699.8,0.09409190371991154,TREND,36.5017,12.2393,43.6825,7.9953,4,BULLISH_BOS,True,,,13.300000000000068,,,BOS,True,,632.6,,2025-02-12 20:30:00,0.03834360204093781,2.6284539199062853,BNBUSDT,12,0.3384390955506922,68.54999999999995,2025-02-13 08:00:00,699.8,0.24731623316404627,stop_loss,ABOVE
SHORT,18.586,,18.608,-0.0220440881763547,TREND,34.2564,0.2479,2.536,24.6398,3,BEARISH_BOS,True,,,0.2579999999999991,,,BOS,True,,,19.498,2025-02-13 12:30:00,2.3450506453825293,2.3403605440917667,LINKUSDT,10,0.27655310621242435,0.9980000000000011,2025-02-13 22:00:00,18.608,-0.05159111419842038,stop_loss,BELOW
SHORT,0.2235,,0.22709,-0.0004610425469069057,TREND,37.287,0.0032,4.7809,26.7375,3,BEARISH_BOS,True,,,0.0028600000000000014,,,BOS,True,,,0.2368,2025-02-13 12:00:00,0.30055871474331625,2.3403605440917667,HBARUSDT,15,0.0005522236634261013,7.786699999999955,2025-02-14 03:00:00,0.22709,-0.0010790057859284999,stop_loss,BELOW
LONG,10.038,,9.953,-0.14604810996563702,TREND,38.944,0.1309,29.5145,6.9831,4,BULLISH_BOS,True,,,0.12700000000000067,,,BOS,True,,9.456,,2025-02-14 03:00:00,4.522263831518069,2.6319575499435195,UNIUSDT,21,0.38316151202748916,0.5820000000000007,2025-02-15 00:00:00,9.953,-0.38439242567903975,stop_loss,ABOVE
LONG,4.473,,4.364,-0.7676056338028198,TREND,36.8334,0.0417,31.3356,15.5822,4,BULLISH_BOS,True,SWEEP_HIGH,,0.03200000000000003,,,BOS,True,,4.331,,2025-02-16 12:00:00,7.291773573003602,2.625038486281297,AXSUSDT,6,0.0,0.14199999999999946,2025-02-16 18:00:00,4.364,-0.7948033194573925,stop_loss,ABOVE
SHORT,25.325,24.705,25.669999999999998,1.7971014492753712,RANGE,20.5587,0.3396,20.3996,25.5521,4,,False,SWEEP_HIGH,,0.884999999999998,,,SWEEP,False,25.465,,,2025-02-17 15:30:00,7.252033407030732,2.6107320265310636,AVAXUSDT,3,2.33333333333334,0.34499999999999886,2025-02-17 18:00:00,24.705,4.496260712359061,take_profit,
SHORT,1.1319,,1.0785,0.6364719904648372,TREND,30.6948,0.024,11.9345,26.7857,4,BEARISH_BOS,True,,,0.0383,,,BOS,True,,,1.2158,2025-02-18 05:00:00,7.476846442648685,2.691664719353527,OPUSDT,16,0.9368295589988072,0.08390000000000009,2025-02-18 21:00:00,1.0785,0.399263600037439,stop_loss,BELOW
SHORT,319.9,307.3,320.7379,-1.0,RANGE,20.9217,2.7929,25.3197,12.532,3,BULLISH_BOS,False,SWEEP_HIGH,,3.3000000000000114,,,SWEEP,False,320.7379,,,2025-02-19 09:00:00,2.8630851882659534,2.398979079248178,BCHUSDT,1,0.0,0.8379000000000474,2025-02-19 10:00:00,320.7379,-2.398979079248178,stop_loss,
SHORT,170.69,455.55999999999995,466.26739999999995,-0.9637746322959739,RANGE,13.2766,2.6579,28.5945,15.9635,3,,False,SWEEP_HIGH,,3.2299999999999898,,,SWEEP,False,171.4874,,,2025-02-19 09:00:00,0.008116246638776099,2.398979079248178,SOLUSDT,1,0.0,295.57739999999995,2025-02-19 10:00:00,455.55999999999995,-2.3120751799881467,take_profit,
SHORT,0.7732,0.7321,0.7767,-1.0,RANGE,20.68,0.0116,16.6974,17.0043,3,BULLISH_BOS,False,SWEEP_HIGH,,0.011500000000000066,,,SWEEP,False,0.7767,,,2025-02-19 23:00:00,7.261256909688742,2.3236022111003973,ADAUSDT,1,0.0,0.0034999999999999476,2025-02-20 00:00:00,0.7767,-0.025414399183910214,stop_loss,
SHORT,23.99,22.905,24.08,-1.0,RANGE,15.5461,0.3,14.2857,23.6905,4,BULLISH_BOS,False,SWEEP_HIGH,,0.3450000000000024,,,SWEEP,False,24.08,,,2025-02-20 00:45:00,7.2599861897295455,2.613595028302637,AVAXUSDT,1,1.944444444444416,0.08999999999999986,2025-02-20 01:00:00,24.08,-0.6533987570756581,stop_loss,
SHORT,18.013,17.492,18.270000000000003,-1.0,RANGE,19.7187,0.2418,9.3944,17.4003,4,,False,SWEEP_HIGH,,0.3200000000000003,,,SWEEP,False,18.193,,,2025-02-20 01:15:00,7.227316251875763,2.601833850675275,LINKUSDT,2,0.0,0.25700000000000145,2025-02-20 03:00:00,18.270000000000003,-1.8574202767320815,stop_loss,
LONG,0.2228,,0.21805,-0.06884057971014326,TREND,34.118,0.0037,22.9811,10.5079,4,BULLISH_BOS,True,,,0.004360000000000003,,,BOS,True,,0.2148,,2025-02-20 04:00:00,7.134445238039159,2.5684002856940973,HBARUSDT,9,0.033623188405796096,0.06900000000000173,2025-02-20 13:00:00,0.21805,-0.033888614880686035,stop_loss,ABOVE
SHORT,9.005,,9.332,-1.0,TREND,37.7936,0.1114,14.1116,26.1065,3,BEARISH_BOS,True,,,0.17300000000000004,,,BOS,True,,,9.332,2025-02-20 15:00:00,6.98006195209309,2.28248025833444,UNIUSDT,2,0.0,0.32699999999999996,2025-02-20 17:00:00,9.332,-2.28248025833444,stop_loss,BELOW
LONG,24.95,,24.845,-0.13043478260869623,TREND,33.2351,0.3007,35.0356,14.2518,4,BULLISH_BOS,True,,,0.33999999999999986,,,BOS,True,,24.19,,2025-02-20 18:30:00,3.1387647776102194,2.5267056459762256,AVAXUSDT,7,0.2919254658385087,0.8049999999999997,2025-02-21 01:00:00,24.845,-0.32957030164907436,stop_loss,ABOVE
LONG,4.517,,4.351,-1.0,TREND,35.3814,0.0426,31.3233,7.0352,4,BULLISH_BOS,True,,,0.08499999999999996,,,BOS,True,,4.351,,2025-02-21 09:00:00,7.002148279295949,2.520773380546542,AXSUSDT,8,0.5301204819277101,0.16600000000000037,2025-02-21 17:00:00,4.351,-1.16235661436313,stop_loss,ABOVE
SHORT,240.1,,245.36,-0.18302018093249905,TREND,34.6982,5.2271,14.8538,39.9973,4,BEARISH_BOS,True,,,7.439999999999998,,,BOS,True,,,268.84,2025-02-21 19:00:00,0.08698159225775948,2.4998509614880056,AAVEUSDT,12,0.03827418232428654,28.73999999999998,2025-02-22 07:00:00,245.36,-0.45752317527581654,stop_loss,BELOW
SHORT,0.2075,,0.21343,-2.756717581489371e-05,TREND,34.4745,0.0023,17.0839,25.2503,4,BEARISH_BOS,True,,,0.0025499999999999967,,,BOS,True,,,0.2134,2025-02-24 02:00:00,0.011582934869097946,2.491615544333041,HBARUSDT,9,2.7706638761680572e-05,215.1109,2025-02-24 11:00:00,0.21343,-6.868680377375103e-05,stop_loss,BELOW
LONG,0.2235,,0.21098,-0.0005046209901373198,TREND,32.168,0.0047,38.4242,18.2936,4,BULLISH_BOS,True,,,0.018220000000000014,,,BOS,True,,0.2003,,2025-02-24 12:00:00,0.1004249903457207,2.491614307970573,HBARUSDT,7,0.0,24.810700000000004,2025-02-24 19:00:00,0.21098,-0.0012573208791284234,stop_loss,ABOVE
SHORT,113.67,,113.89,-0.015557048403634604,TREND,38.3339,2.6843,8.1958,41.0591,4,BEARISH_BOS,True,,,8.260000000000005,,,BOS,True,,,124.3,2025-02-24 22:00:00,0.17619005594843173,2.4915916761947488,LTCUSDT,21,0.2828554255206306,14.141500000000008,2025-02-25 19:00:00,113.89,-0.03876181230865478,stop_loss,BELOW
SHORT,3.062,,3.211,-0.7883597883597883,TREND,39.0689,0.0555,10.5534,38.9961,4,BEARISH_BOS,True,,,0.1120000000000001,,,BOS,True,,,3.213,2025-02-26 18:30:00,6.919149898814425,2.490893963573193,FILUSDT,7,0.05291005291005177,0.18900000000000006,2025-02-27 01:00:00,3.211,-1.0309533349233495,stop_loss,BELOW
SHORT,2.1965,,2.2187,-0.16239941477688496,TREND,34.1681,0.0446,10.157,35.7898,3,BEARISH_BOS,True,,,0.07790000000000008,,,BOS,True,,,2.3027,2025-02-26 18:30:00,6.919149898814425,2.214127967620616,XRPUSDT,11,0.1265544989027071,0.13670000000000027,2025-02-27 05:00:00,2.2187,-0.15360512775368174,stop_loss,BELOW
SHORT,603.05,,617.75,-0.5404411764705913,TREND,33.3992,7.0179,12.3664,42.9008,4,BEARISH_BOS,True,,,16.75,,,BOS,True,,,624.9,2025-02-26 18:30:00,0.09157698395489704,2.490893963573193,BNBUSDT,12,0.058823529411761506,27.199999999999932,2025-02-27 06:00:00,617.75,-1.3461816641369906,stop_loss,BELOW
SHORT,15.747,14.657,15.826,13.797468354430269,RANGE,22.6779,0.2632,27.7612,8.6296,3,BULLISH_BOS,False,SWEEP_HIGH,,0.26899999999999835,,,SWEEP,False,15.826,,,2025-02-27 10:45:00,6.792612892473724,2.173636125591592,LINKUSDT,15,18.70886075949352,0.07900000000000063,2025-02-28 01:00:00,14.657,7.403948052796358,take_profit,
SHORT,14.489,,14.047,0.46971307120085,TREND,37.3475,0.2923,4.2033,40.0538,4,BEARISH_BOS,True,,,0.7860000000000014,,,BOS,True,,,15.21,2025-02-28 01:30:00,2.740288742020057,2.5786117062408755,LINKUSDT,12,0.9266737513283733,0.9410000000000007,2025-02-28 13:00:00,14.047,1.2112076239728657,stop_loss,BELOW
SHORT,21.355,,21.445,-0.06060606060606053,TREND,36.8641,0.4482,6.4542,41.753,4,BEARISH_BOS,True,,,1.120000000000001,,,BOS,True,,,22.595,2025-02-28 01:30:00,1.7364388594214657,2.5786117062408755,AVAXUSDT,13,0.5925925925925921,1.4849999999999994,2025-02-28 14:00:00,21.445,-0.15627949734793167,stop_loss,BELOW
SHORT,131.17,,142.47,-0.9809027777777779,TREND,33.2839,2.7793,4.8831,35.6721,4,BEARISH_BOS,True,,,6.5,,,BOS,True,,,142.47,2025-02-28 01:00:00,0.22383782172229802,2.5786117062408755,SOLUSDT,13,0.31076388888888723,11.52000000000001,2025-02-28 14:00:00,142.47,-2.52936738546197,stop_loss,BELOW
SHORT,1.0334,,1.051,-0.26347305389221326,TREND,33.4923,0.0169,10.2618,27.027,3,BEARISH_BOS,True,,,0.019299999999999873,,,BOS,True,,,1.1002,2025-03-01 10:00:00,7.08908833217169,2.268508266294941,OPUSDT,18,0.0,0.06679999999999997,2025-03-02 04:00:00,1.051,-0.1247679546462206,stop_loss,BELOW
LONG,622.15,,614.9,-0.28827037773359865,TREND,32.1726,5.1607,40.2076,13.3564,4,BULLISH_BOS,True,,,19.800000000000068,,,BOS,True,,600.9,,2025-03-02 16:15:00,0.10138473067189578,2.5498259763981768,BNBUSDT,10,0.3260437375745548,25.149999999999977,2025-03-03 02:00:00,614.9,-0.7350392973712444,stop_loss,ABOVE
LONG,217.25,,212.65,-0.11362064536526552,TREND,38.0621,4.4343,54.2204,10.6637,4,BULLISH_BOS,True,,,24.0,,,BOS,True,,190.0,,2025-03-02 16:00:00,0.06298105934945206,2.5498259763981768,AAVEUSDT,14,0.2126682079554215,40.485600000000005,2025-03-03 06:00:00,212.65,-0.2897128730074791,stop_loss,ABOVE
LONG,3.981,,3.808,-0.48732394366197196,TREND,35.5342,0.0597,44.8565,14.4737,4,BULLISH_BOS,True,,,0.2569999999999997,,,BOS,True,,3.626,,2025-03-02 16:00:00,7.08284993443938,2.5498259763981768,AXSUSDT,14,0.028169014084507695,0.355,2025-03-03 06:00:00,3.808,-1.225333038658013,stop_loss,ABOVE
LONG,338.3,,324.6,-0.5805084745762702,TREND,39.0397,5.2786,38.9716,7.8484,4,BULLISH_BOS,True,,,17.399999999999977,,,BOS,True,,314.7,,2025-03-02 16:00:00,0.10804347357619383,2.5498259763981768,BCHUSDT,14,0.025423728813557853,23.600000000000023,2025-03-03 06:00:00,324.6,-1.4801955879938542,stop_loss,ABOVE
LONG,88959.4,,92411.0,0.5574739562303167,TREND,35.4577,990.2286,51.0077,11.3603,4,BULLISH_BOS,True,,,4696.399999999994,,,BOS,True,,85007.7,,2025-03-02 16:15:00,0.00041182685559204986,2.5498259763981768,BTCUSDT,14,0.8690139707663732,6191.5,2025-03-03 06:00:00,92411.0,1.4214615747615216,stop_loss,ABOVE
LONG,4.8985,,5.051,0.31903765690376557,TREND,38.3536,0.0766,48.0708,14.0447,4,BULLISH_BOS,True,,,0.3624999999999998,,,BOS,True,,4.562,,2025-03-02 16:15:00,5.334363967360205,2.5498259763981768,DOTUSDT,14,0.6349372384937234,0.47799999999999976,2025-03-03 06:00:00,5.051,0.8134905050224305,stop_loss,ABOVE
LONG,3.378,,3.427,0.14893617021276587,TREND,39.0268,0.0529,50.4054,12.7027,4,BULLISH_BOS,True,,,0.24800000000000022,,,BOS,True,,3.18,,2025-03-02 16:15:00,7.08284993443938,2.5498259763981768,FILUSDT,14,0.6382978723404259,0.32899999999999974,2025-03-03 06:00:00,3.427,0.3470596467875291,stop_loss,ABOVE
LONG,15.909,,16.552,0.2948188904172394,TREND,35.6821,0.319,57.8146,10.3,4,BULLISH_BOS,True,,,1.673,,,BOS,True,,14.405,,2025-03-02 16:15:00,1.1691086549280962,2.5498259763981768,LINKUSDT,14,0.7038055937643278,2.180999999999999,2025-03-03 06:00:00,16.552,0.7517368651187646,stop_loss,ABOVE
LONG,1.1435,,1.1085,-0.3286384976525813,TREND,33.9609,0.0225,46.7047,11.4385,4,BULLISH_BOS,True,,,0.09320000000000017,,,BOS,True,,1.037,,2025-03-02 16:00:00,7.08284993443938,2.5498259763981768,OPUSDT,14,0.27793427230047,0.10650000000000004,2025-03-03 06:00:00,1.1085,-0.24789974770537773,stop_loss,ABOVE
SHORT,3.758,,3.349,1.725738396624471,TREND,39.9955,0.0622,3.2147,41.6762,3,BEARISH_BOS,True,,,0.08599999999999985,,,BOS,True,,,3.995,2025-03-03 07:00:00,7.050628336787092,2.2562010677718694,AXSUSDT,31,2.080168776371307,0.2370000000000001,2025-03-04 14:00:00,3.349,2.883706989745919,stop_loss,BELOW
SHORT,607.0,,579.4,1.0109890109890136,TREND,32.6196,6.95,7.2456,37.1017,4,BEARISH_BOS,True,SWEEP_LOW,,10.950000000000045,,,BOS,True,,,634.3,2025-03-03 07:45:00,0.09297531872686292,2.5382262012433534,BNBUSDT,35,1.8956043956043989,27.299999999999955,2025-03-04 18:00:00,579.4,2.5661187968614185,stop_loss,BELOW
SHORT,0.9664,0.8732,0.97543,-1.0,RANGE,16.8877,0.0301,22.9746,21.0501,3,,False,SWEEP_HIGH,,0.041100000000000025,,,SWEEP,False,0.9754,,,2025-03-04 21:00:00,7.323119626117459,2.343398280357587,OPUSDT,12,4.772978959025483,0.009029999999999982,2025-03-05 09:00:00,0.97543,-0.06612777022384053,stop_loss,
LONG,237.84,,229.61,-0.013085642109119293,TREND,30.1303,4.825,36.5359,7.1799,4,BULLISH_BOS,True,,,8.73999999999998,,,BOS,True,,214.94,,2025-03-06 02:00:00,0.004189842561342336,2.6351327655382564,AAVEUSDT,5,0.0,628.9336,2025-03-06 07:00:00,229.61,-0.03448240427984738,stop_loss,ABOVE
LONG,91294.7,,89961.3,-0.7323556873729864,TREND,35.3601,1195.4429,21.3979,15.0721,5,BULLISH_BOS,True,SWEEP_HIGH,,1038.7999999999884,,,BOS,True,,89961.3,,2025-03-06 02:30:00,0.001608131649938217,2.927925295042507,BTCUSDT,10,0.7668479156368426,1820.699999999997,2025-03-06 12:00:00,89961.3,-2.144282742027609,stop_loss,ABOVE
SHORT,2283.66,2160.04,2329.3332,2.7066200747922067,RANGE,17.8418,30.7986,24.3355,14.2098,3,BULLISH_BOS,False,SWEEP_HIGH,,29.43000000000029,,,SWEEP,False,2329.3332,,,2025-03-06 02:45:00,0.051284784863639875,2.3423402360340058,ETHUSDT,22,3.658819614128176,45.67320000000018,2025-03-07 00:00:00,2160.04,6.339825104843156,take_profit,
LONG,384.1,400.5,381.58429,-1.0,RANGE,20.862,8.3857,9.7104,24.8722,4,BEARISH_BOS,False,SWEEP_LOW,,14.5,,,SWEEP,False,381.5843,,,2025-03-08 01:00:00,1.0772433407634026,2.7100318447918994,BCHUSDT,1,0.0,2.5157100000000128,2025-03-08 02:00:00,381.58429,-2.710031844791913,stop_loss,
SHORT,190.51,,191.76,-0.0006644165094214262,TREND,38.1151,3.8486,6.199,26.2064,4,BEARISH_BOS,True,,,1.5300000000000011,,,BOS,True,,,208.72,2025-03-08 06:00:00,0.0014145434244482128,2.661251271585645,AAVEUSDT,7,0.0027214500225901644,1881.3499999999997,2025-03-08 13:00:00,191.76,-0.001768179280560266,stop_loss,BELOW
SHORT,6.794,,6.547,0.771874999999999,TREND,39.4751,0.0831,4.5533,42.8694,4,BEARISH_BOS,True,SWEEP_LOW,,0.09799999999999986,,,BOS,True,,,7.114,2025-03-09 14:00:00,7.3922762343294295,2.661219444358595,UNIUSDT,12,1.3531249999999984,0.3200000000000003,2025-03-10 02:00:00,6.547,1.8258922298793683,stop_loss,BELOW
SHORT,92.0,,89.43,0.0011320309251467646,TREND,31.9542,2.0443,22.0475,28.9658,4,BEARISH_BOS,True,,,4.25,,,BOS,True,,,98.61,2025-03-10 14:00:00,0.0011866879790192928,2.6940855044964236,LTCUSDT,19,0.0030393048184874333,2270.256,2025-03-11 09:00:00,89.43,0.0030497881060795743,stop_loss,BELOW
SHORT,0.7409,0.6463,0.74621,-1.0,RANGE,18.1598,0.0177,17.029,18.7198,4,BULLISH_BOS,False,SWEEP_HIGH,,0.021499999999999964,,,SWEEP,False,0.7462,,,2025-03-12 01:00:00,7.483723335228702,2.694140400682333,ADAUSDT,7,4.6516007532956465,0.005310000000000037,2025-03-12 08:00:00,0.74621,-0.039738570910064684,stop_loss,
